Date Time,Station ID,Expected Station Size,Total Docks Installed,Number of Faulty Docks,Total Bikes At Station Per Model,Number of Available Bikes Per Model,Number of Inoperative Bikes Per Model,Geofence Occupancy Ratio,Geofence Capacity,Geofence Total Bikes,Geofence Available Bikes,Geofence Operative Bikes,Geofence Inoperative Bikes,Station Groups,Station Cluster,Station Crown
2025-11-30 00:01:54,54,19,19,0,"fit: 5, efit: 4","fit: 5, efit: 4",,,,0,0,0,0,2,,
2025-11-30 08:58:46,54,19,19,0,"fit: 5, efit: 3","fit: 5, efit: 3",,,,0,0,0,0,2,,
2025-11-30 09:23:51,54,19,19,0,"fit: 5, efit: 4","fit: 5, efit: 4",,,,0,0,0,0,2,,
2025-11-30 11:26:48,54,19,19,0,"fit: 5, efit: 4","fit: 5, efit: 3",,,,0,0,0,0,2,,
2025-11-30 11:29:17,54,19,19,0,"fit: 5, efit: 4","fit: 5, efit: 4",,,,0,0,0,0,2,,
2025-11-30 16:57:48,54,19,19,0,"fit: 5, efit: 3","fit: 5, efit: 3",,,,0,0,0,0,2,,
2025-11-30 17:15:31,54,19,19,0,"fit: 7, efit: 1","fit: 7, efit: 1",,,,0,0,0,0,2,,
2025-11-30 22:46:39,54,19,19,0,fit: 7,fit: 7,,,,0,0,0,0,2,,
2025-12-01 00:01:55,54,19,19,0,fit: 7,fit: 7,,,,0,0,0,0,2,,
2025-12-02 00:00:14,54,19,19,0,fit: 7,fit: 7,,,,0,0,0,0,2,,
2025-12-03 00:01:57,54,19,19,0,fit: 7,fit: 7,,,,0,0,0,0,2,,
2025-12-03 12:20:32,54,19,19,0,fit: 6,fit: 6,,,,0,0,0,0,2,,
2025-12-04 00:01:00,54,19,19,0,fit: 6,fit: 6,,,,0,0,0,0,2,,
2025-12-04 09:30:43,54,19,18,0,fit: 6,fit: 6,,,,0,0,0,0,2,,
2025-12-04 09:34:20,54,19,18,0,fit: 5,fit: 5,,,,0,0,0,0,2,,
2025-12-04 09:47:12,54,19,19,0,fit: 6,fit: 6,,,,0,0,0,0,2,,
2025-12-04 09:59:24,54,19,19,1,fit: 6,fit: 6,,,,0,0,0,0,2,,
2025-12-04 10:00:47,54,19,19,0,fit: 6,fit: 6,,,,0,0,0,0,2,,
2025-12-05 00:00:11,54,19,19,0,fit: 6,fit: 6,,,,0,0,0,0,2,,
2025-12-06 00:00:16,54,19,19,0,fit: 6,fit: 6,,,,0,0,0,0,2,,
2025-12-06 11:05:50,54,19,19,0,"fit: 6, efit: 1","fit: 6, efit: 1",,,,0,0,0,0,2,,
2025-12-06 12:36:06,54,19,19,0,"fit: 6, efit: 2","fit: 6, efit: 2",,,,0,0,0,0,2,,
2025-12-06 22:54:05,54,19,19,0,"fit: 6, efit: 1","fit: 6, efit: 1",,,,0,0,0,0,2,,
2025-12-07 00:00:16,54,19,19,0,"fit: 6, efit: 1","fit: 6, efit: 1",,,,0,0,0,0,2,,
2025-12-07 10:07:24,54,19,19,0,fit: 6,fit: 6,,,,0,0,0,0,2,,
2025-12-07 14:26:12,54,19,19,0,"fit: 6, efit: 1","fit: 6, efit: 1",,,,0,0,0,0,2,,
2025-12-07 14:55:46,54,19,19,0,"fit: 6, efit: 2","fit: 6, efit: 2",,,,0,0,0,0,2,,
2025-12-08 00:00:20,54,19,19,0,"fit: 6, efit: 2","fit: 6, efit: 2",,,,0,0,0,0,2,,
2025-12-08 00:25:26,54,19,19,0,"fit: 6, efit: 2","fit: 6, efit: 1",,,,0,0,0,0,2,,
2025-12-08 02:17:46,54,19,19,0,"fit: 6, efit: 2","fit: 6, efit: 2",,,,0,0,0,0,2,,
2025-12-08 02:20:50,54,19,19,0,"fit: 6, efit: 2","fit: 6, efit: 1",,,,0,0,0,0,2,,
2025-12-08 09:18:41,54,19,19,0,"fit: 6, efit: 1","fit: 6, efit: 1",,,,0,0,0,0,2,,
2025-12-08 09:22:19,54,19,19,0,"fit: 6, efit: 2","fit: 6, efit: 2",,,,0,0,0,0,2,,
2025-12-08 12:12:55,54,19,19,0,"fit: 7, efit: 1","fit: 7, efit: 1",,,,0,0,0,0,2,,
2025-12-09 00:00:30,54,19,19,0,"fit: 7, efit: 1","fit: 7, efit: 1",,,,0,0,0,0,2,,
2025-12-09 15:17:48,54,19,19,0,"fit: 7, efit: 2","fit: 7, efit: 2",,,,0,0,0,0,2,,
2025-12-10 00:00:30,54,19,19,0,"fit: 7, efit: 2","fit: 7, efit: 2",,,,0,0,0,0,2,,
2025-12-10 01:19:11,54,19,19,0,"fit: 7, efit: 2","fit: 7, efit: 1",,,,0,0,0,0,2,,
2025-12-10 09:30:20,54,19,19,0,"fit: 7, efit: 1","fit: 7, efit: 1",,,,0,0,0,0,2,,
2025-12-10 09:32:25,54,19,19,0,"fit: 7, efit: 2","fit: 7, efit: 2",,,,0,0,0,0,2,,
2025-12-11 00:00:27,54,19,19,0,"fit: 7, efit: 2","fit: 7, efit: 2",,,,0,0,0,0,2,,
2025-12-11 18:39:23,54,19,19,0,"fit: 7, efit: 3","fit: 7, efit: 3",,,,0,0,0,0,2,,
2025-12-12 00:02:32,54,19,19,0,"fit: 7, efit: 3","fit: 7, efit: 3",,,,0,0,0,0,2,,
2025-12-12 09:45:53,54,19,19,0,"fit: 7, efit: 2","fit: 7, efit: 2",,,,0,0,0,0,2,,
2025-12-13 00:01:01,54,19,19,0,"fit: 7, efit: 2","fit: 7, efit: 2",,,,0,0,0,0,2,,
2025-12-13 00:09:08,54,19,19,0,"fit: 7, efit: 3","fit: 7, efit: 3",,,,0,0,0,0,2,,
2025-12-13 10:07:14,54,19,19,0,"fit: 7, efit: 4","fit: 7, efit: 4",,,,0,0,0,0,2,,
2025-12-14 00:00:34,54,19,19,0,"fit: 7, efit: 4","fit: 7, efit: 4",,,,0,0,0,0,2,,
2025-12-15 00:01:19,54,19,19,0,"fit: 7, efit: 4","fit: 7, efit: 4",,,,0,0,0,0,2,,
2025-12-15 14:24:28,54,19,19,0,"fit: 7, efit: 4","fit: 7, efit: 3",,,,0,0,0,0,2,,
2025-12-15 17:25:57,54,19,19,0,"fit: 7, efit: 3","fit: 7, efit: 2",,,,0,0,0,0,2,,
2025-12-16 00:02:02,54,19,19,0,"fit: 7, efit: 3","fit: 7, efit: 2",,,,0,0,0,0,2,,
2025-12-16 09:45:29,54,19,19,0,"fit: 7, efit: 2","fit: 7, efit: 1",,,,0,0,0,0,2,,
2025-12-16 20:02:14,54,19,19,0,"fit: 7, efit: 3","fit: 7, efit: 2",,,,0,0,0,0,2,,
2025-12-16 20:05:10,54,19,19,0,"fit: 7, efit: 2","fit: 7, efit: 1",,,,0,0,0,0,2,,
2025-12-17 00:00:47,54,19,19,0,"fit: 7, efit: 2","fit: 7, efit: 1",,,,0,0,0,0,2,,
2025-12-17 09:52:21,54,19,19,0,"fit: 7, efit: 2","fit: 7, efit: 2",,,,0,0,0,0,2,,
2025-12-17 12:12:43,54,19,19,0,"fit: 7, efit: 3","fit: 7, efit: 3",,,,0,0,0,0,2,,
2025-12-17 12:42:48,54,19,19,0,"fit: 7, efit: 2","fit: 7, efit: 2",,,,0,0,0,0,2,,
2025-12-17 17:25:33,54,19,19,0,"fit: 8, efit: 1","fit: 8, efit: 1",,,,0,0,0,0,2,,
2025-12-17 18:58:47,54,19,19,0,"fit: 8, efit: 2","fit: 8, efit: 2",,,,0,0,0,0,2,,
2025-12-18 00:01:53,54,19,19,0,"fit: 8, efit: 2","fit: 8, efit: 2",,,,0,0,0,0,2,,
2025-12-18 00:29:37,54,19,19,0,"fit: 8, efit: 1","fit: 8, efit: 1",,,,0,0,0,0,2,,
2025-12-18 05:00:19,54,19,19,0,"fit: 8, efit: 1",fit: 8,,,,0,0,0,0,2,,
2025-12-18 10:48:47,54,19,19,0,"fit: 8, efit: 1","fit: 8, efit: 1",,,,0,0,0,0,2,,
2025-12-18 16:47:07,54,19,19,0,fit: 8,fit: 8,,,,0,0,0,0,2,,
2025-12-18 17:39:57,54,19,19,0,"fit: 8, efit: 1","fit: 8, efit: 1",,,,0,0,0,0,2,,
2025-12-18 19:07:28,54,19,19,0,"fit: 8, efit: 2","fit: 8, efit: 2",,,,0,0,0,0,2,,
2025-12-18 22:25:47,54,19,19,0,"fit: 8, efit: 1","fit: 8, efit: 1",,,,0,0,0,0,2,,
2025-12-19 00:01:04,54,19,19,0,"fit: 8, efit: 1","fit: 8, efit: 1",,,,0,0,0,0,2,,
2025-12-19 09:17:37,54,19,19,0,fit: 8,fit: 8,,,,0,0,0,0,2,,
2025-12-20 00:00:01,54,19,19,0,fit: 8,fit: 8,,,,0,0,0,0,2,,
2025-12-20 11:31:54,54,19,19,0,fit: 7,fit: 7,,,,0,0,0,0,2,,
2025-12-20 11:36:55,54,19,19,0,fit: 8,fit: 8,,,,0,0,0,0,2,,
2025-12-20 11:38:38,54,19,19,0,fit: 7,fit: 7,,,,0,0,0,0,2,,
2025-12-20 11:41:56,54,19,19,0,fit: 6,fit: 6,,,,0,0,0,0,2,,
2025-12-20 13:02:09,54,19,19,0,fit: 5,fit: 5,,,,0,0,0,0,2,,
2025-12-20 15:02:29,54,19,19,0,fit: 4,fit: 4,,,,0,0,0,0,2,,
2025-12-20 23:41:11,54,19,19,0,fit: 2,fit: 2,,,,0,0,0,0,2,,
2025-12-21 00:00:31,54,19,19,0,fit: 2,fit: 2,,,,0,0,0,0,2,,
2025-12-21 01:04:06,54,19,19,0,fit: 4,fit: 4,,,,0,0,0,0,2,,
2025-12-21 10:57:09,54,19,19,0,"fit: 4, efit: 2","fit: 4, efit: 2",,,,0,0,0,0,2,,
2025-12-21 17:51:50,54,19,19,0,"fit: 4, efit: 2","fit: 4, efit: 1",,,,0,0,0,0,2,,
2025-12-21 18:09:53,54,19,19,0,"fit: 4, efit: 2","fit: 4, efit: 2",,,,0,0,0,0,2,,
2025-12-22 00:01:04,54,19,19,0,"fit: 4, efit: 2","fit: 4, efit: 2",,,,0,0,0,0,2,,
2025-12-22 08:15:25,54,19,19,0,"fit: 4, efit: 2","fit: 4, efit: 1",,,,0,0,0,0,2,,
2025-12-22 09:49:26,54,19,19,0,"fit: 4, efit: 2","fit: 3, efit: 1",fit: 1,,,0,0,0,0,2,,
2025-12-22 10:33:12,54,19,19,0,"fit: 3, efit: 2","fit: 3, efit: 1",,,,0,0,0,0,2,,
2025-12-22 10:34:34,54,19,19,0,"fit: 3, efit: 1","fit: 3, efit: 1",,,,0,0,0,0,2,,
2025-12-22 10:38:13,54,19,19,0,"fit: 3, efit: 2","fit: 3, efit: 2",,,,0,0,0,0,2,,
2025-12-22 14:34:00,54,19,19,0,"fit: 3, efit: 3","fit: 3, efit: 3",,,,0,0,0,0,2,,
2025-12-22 14:35:13,54,19,19,0,"fit: 3, efit: 2","fit: 3, efit: 2",,,,0,0,0,0,2,,
2025-12-22 16:45:35,54,19,19,0,"fit: 3, efit: 1","fit: 3, efit: 1",,,,0,0,0,0,2,,
2025-12-23 00:00:55,54,19,19,0,"fit: 3, efit: 1","fit: 3, efit: 1",,,,0,0,0,0,2,,
2025-12-23 14:23:48,54,19,19,0,"fit: 3, efit: 1",fit: 3,,,,0,0,0,0,2,,
2025-12-23 21:05:09,54,19,19,0,"fit: 2, efit: 1",fit: 2,,,,0,0,0,0,2,,
2025-12-24 00:00:37,54,19,19,0,"fit: 2, efit: 1",fit: 2,,,,0,0,0,0,2,,
2025-12-24 12:47:40,54,19,19,0,"fit: 1, efit: 1",fit: 1,,,,0,0,0,0,2,,
2025-12-24 15:38:08,54,19,19,0,"fit: 1, efit: 2","fit: 1, efit: 1",,,,0,0,0,0,2,,
2025-12-24 16:28:50,54,19,19,0,"fit: 1, efit: 3","fit: 1, efit: 2",,,,0,0,0,0,2,,
2025-12-25 00:00:25,54,19,19,0,"fit: 1, efit: 3","fit: 1, efit: 2",,,,0,0,0,0,2,,
2025-12-25 15:08:26,54,19,19,0,"fit: 1, efit: 3","fit: 1, efit: 2",efit: 1,,,0,0,0,0,2,,
2025-12-25 21:07:56,54,19,19,0,"fit: 1, efit: 2","fit: 1, efit: 1",efit: 1,,,0,0,0,0,2,,
2025-12-26 00:00:14,54,19,19,0,"fit: 1, efit: 2","fit: 1, efit: 1",efit: 1,,,0,0,0,0,2,,
2025-12-26 08:47:01,54,19,19,0,"fit: 1, efit: 1",fit: 1,efit: 1,,,0,0,0,0,2,,
2025-12-26 15:46:00,54,19,19,0,"fit: 2, efit: 1",fit: 2,efit: 1,,,0,0,0,0,2,,
2025-12-27 00:00:05,54,19,19,0,"fit: 2, efit: 1",fit: 2,efit: 1,,,0,0,0,0,2,,
2025-12-27 10:57:17,54,19,19,0,fit: 2,fit: 2,,,,0,0,0,0,2,,
2025-12-27 12:09:12,54,19,19,0,fit: 3,fit: 3,,,,0,0,0,0,2,,
2025-12-27 13:42:50,54,19,19,0,"fit: 3, efit: 1","fit: 3, efit: 1",,,,0,0,0,0,2,,
2025-12-27 15:28:11,54,19,19,0,fit: 3,fit: 3,,,,0,0,0,0,2,,
2025-12-28 00:00:49,54,19,19,0,fit: 3,fit: 3,,,,0,0,0,0,2,,
2025-12-28 15:58:07,54,19,19,0,fit: 4,fit: 4,,,,0,0,0,0,2,,
2025-12-29 00:00:07,54,19,19,0,fit: 4,fit: 4,,,,0,0,0,0,2,,
2025-12-30 00:01:25,54,19,19,0,fit: 4,fit: 4,,,,0,0,0,0,2,,
2025-12-30 19:28:18,54,19,19,0,"fit: 4, efit: 1","fit: 4, efit: 1",,,,0,0,0,0,2,,
2025-12-30 19:44:26,54,19,19,0,fit: 4,fit: 4,,,,0,0,0,0,2,,
2025-12-31 00:00:05,54,19,19,0,fit: 4,fit: 4,,,,0,0,0,0,2,,
2025-12-31 08:19:14,54,19,19,0,fit: 3,fit: 3,,,,0,0,0,0,2,,
2026-01-01 00:01:50,54,19,19,0,fit: 3,fit: 3,,,,0,0,0,0,2,,
2026-01-02 00:00:46,54,19,19,0,fit: 3,fit: 3,,,,0,0,0,0,2,,
2026-01-02 09:10:42,54,19,19,0,"fit: 3, efit: 1","fit: 3, efit: 1",,,,0,0,0,0,2,,
2026-01-02 09:12:17,54,19,19,0,"fit: 3, efit: 4","fit: 3, efit: 4",,,,0,0,0,0,2,,
2026-01-02 09:13:47,54,19,19,0,"fit: 3, efit: 6","fit: 3, efit: 6",,,,0,0,0,0,2,,
2026-01-03 00:01:07,54,19,19,0,"fit: 3, efit: 6","fit: 3, efit: 6",,,,0,0,0,0,2,,
2026-01-03 09:45:40,54,19,19,0,"fit: 3, efit: 5","fit: 3, efit: 5",,,,0,0,0,0,2,,
2026-01-03 10:15:46,54,19,19,0,"fit: 3, efit: 6","fit: 3, efit: 6",,,,0,0,0,0,2,,
2026-01-03 16:57:08,54,19,19,0,"fit: 3, efit: 5","fit: 3, efit: 5",,,,0,0,0,0,2,,
2026-01-04 00:03:35,54,19,19,0,"fit: 3, efit: 5","fit: 3, efit: 5",,,,0,0,0,0,2,,
2026-01-05 00:02:34,54,19,19,0,"fit: 3, efit: 5","fit: 3, efit: 5",,,,0,0,0,0,2,,
2026-01-05 06:34:40,54,19,19,0,"fit: 3, efit: 5","fit: 3, efit: 4",,,,0,0,0,0,2,,
2026-01-05 09:19:50,54,19,19,0,"fit: 3, efit: 4","fit: 3, efit: 3",,,,0,0,0,0,2,,
2026-01-05 09:34:08,54,19,19,0,"fit: 3, efit: 5","fit: 3, efit: 4",,,,0,0,0,0,2,,
2026-01-05 14:24:57,54,19,19,0,"fit: 3, efit: 5","fit: 3, efit: 5",,,,0,0,0,0,2,,
2026-01-06 00:01:33,54,19,19,0,"fit: 3, efit: 5","fit: 3, efit: 5",,,,0,0,0,0,2,,
2026-01-07 00:00:32,54,19,19,0,"fit: 3, efit: 5","fit: 3, efit: 5",,,,0,0,0,0,2,,
2026-01-07 06:09:22,54,19,19,0,"fit: 3, efit: 5","fit: 3, efit: 4",,,,0,0,0,0,2,,
2026-01-07 14:41:05,54,19,19,0,"fit: 3, efit: 5","fit: 3, efit: 5",,,,0,0,0,0,2,,
2026-01-07 18:41:54,54,19,19,0,"fit: 3, efit: 5","fit: 3, efit: 4",,,,0,0,0,0,2,,
2026-01-07 23:09:20,54,19,19,0,"fit: 3, efit: 5","fit: 3, efit: 3",,,,0,0,0,0,2,,
2026-01-08 00:02:59,54,19,19,0,"fit: 3, efit: 5","fit: 3, efit: 3",,,,0,0,0,0,2,,
2026-01-08 08:39:44,54,19,19,0,"fit: 3, efit: 5","fit: 3, efit: 4",,,,0,0,0,0,2,,
2026-01-08 08:44:45,54,19,19,0,"fit: 3, efit: 5","fit: 3, efit: 3",,,,0,0,0,0,2,,
2026-01-08 09:26:02,54,19,19,0,"fit: 3, efit: 3","fit: 3, efit: 3",,,,0,0,0,0,2,,
2026-01-08 09:34:55,54,19,19,0,"fit: 3, efit: 5","fit: 3, efit: 5",,,,0,0,0,0,2,,
2026-01-08 15:31:09,54,19,19,0,"fit: 3, efit: 6","fit: 3, efit: 6",,,,0,0,0,0,2,,
2026-01-08 15:56:14,54,19,19,0,"fit: 3, efit: 5","fit: 3, efit: 5",,,,0,0,0,0,2,,
2026-01-08 18:01:41,54,19,19,0,"fit: 3, efit: 6","fit: 3, efit: 5",efit: 1,,,0,0,0,0,2,,
2026-01-08 18:06:42,54,19,19,0,"fit: 3, efit: 5","fit: 3, efit: 4",efit: 1,,,0,0,0,0,2,,
2026-01-08 18:21:45,54,19,19,0,"fit: 3, efit: 6","fit: 3, efit: 5",efit: 1,,,0,0,0,0,2,,
2026-01-09 00:02:54,54,19,19,0,"fit: 3, efit: 6","fit: 3, efit: 5",efit: 1,,,0,0,0,0,2,,
2026-01-09 14:35:22,54,19,19,0,"fit: 3, efit: 5","fit: 3, efit: 5",,,,0,0,0,0,2,,
2026-01-09 14:40:23,54,19,19,0,"fit: 3, efit: 6","fit: 3, efit: 6",,,,0,0,0,0,2,,
2026-01-10 00:01:51,54,19,19,0,"fit: 3, efit: 6","fit: 3, efit: 6",,,,0,0,0,0,2,,
2026-01-10 10:33:59,54,19,19,0,"fit: 3, efit: 5","fit: 3, efit: 5",,,,0,0,0,0,2,,
2026-01-10 10:43:28,54,19,19,0,"fit: 3, efit: 6","fit: 3, efit: 6",,,,0,0,0,0,2,,
2026-01-11 00:00:31,54,19,19,0,"fit: 3, efit: 6","fit: 3, efit: 6",,,,0,0,0,0,2,,
2026-01-12 00:00:07,54,19,19,0,"fit: 3, efit: 6","fit: 3, efit: 6",,,,0,0,0,0,2,,
2026-01-12 13:45:08,54,19,19,0,"fit: 3, efit: 6","fit: 3, efit: 5",efit: 1,,,0,0,0,0,2,,
2026-01-12 14:41:30,54,19,19,0,"fit: 3, efit: 5","fit: 3, efit: 4",efit: 1,,,0,0,0,0,2,,
2026-01-12 17:30:55,54,19,19,0,"fit: 3, efit: 6","fit: 3, efit: 5",efit: 1,,,0,0,0,0,2,,
2026-01-12 22:52:03,54,19,19,0,"fit: 3, efit: 6","fit: 3, efit: 4",efit: 1,,,0,0,0,0,2,,
2026-01-12 23:37:12,54,19,19,0,"fit: 3, efit: 4","fit: 3, efit: 2",efit: 1,,,0,0,0,0,2,,
2026-01-13 00:02:18,54,19,19,0,"fit: 3, efit: 4","fit: 3, efit: 2",efit: 1,,,0,0,0,0,2,,
2026-01-13 13:51:27,54,19,19,0,"fit: 3, efit: 3","fit: 3, efit: 1",efit: 1,,,0,0,0,0,2,,
2026-01-13 13:55:05,54,19,19,0,"fit: 3, efit: 1","fit: 3, efit: 1",,,,0,0,0,0,2,,
2026-01-13 14:00:05,54,19,19,0,"fit: 3, efit: 4","fit: 3, efit: 4",,,,0,0,0,0,2,,
2026-01-13 14:25:10,54,19,19,0,"fit: 3, efit: 3","fit: 3, efit: 3",,,,0,0,0,0,2,,
2026-01-13 20:36:10,54,19,19,0,"fit: 3, efit: 4","fit: 3, efit: 4",,,,0,0,0,0,2,,
2026-01-13 20:51:13,54,19,19,0,"fit: 3, efit: 3","fit: 3, efit: 3",,,,0,0,0,0,2,,
2026-01-14 00:00:09,54,19,19,0,"fit: 3, efit: 3","fit: 3, efit: 3",,,,0,0,0,0,2,,
2026-01-14 08:11:30,54,19,19,0,"fit: 4, efit: 3","fit: 4, efit: 3",,,,0,0,0,0,2,,
2026-01-14 08:11:38,54,19,19,0,"fit: 4, efit: 2","fit: 4, efit: 2",,,,0,0,0,0,2,,
2026-01-15 00:00:32,54,19,19,0,"fit: 4, efit: 2","fit: 4, efit: 2",,,,0,0,0,0,2,,
2026-01-16 00:01:24,54,19,19,0,"fit: 4, efit: 2","fit: 4, efit: 2",,,,0,0,0,0,2,,
2026-01-17 00:00:57,54,19,19,0,"fit: 4, efit: 2","fit: 4, efit: 2",,,,0,0,0,0,2,,
2026-01-18 00:01:32,54,19,19,0,"fit: 4, efit: 2","fit: 4, efit: 2",,,,0,0,0,0,2,,
2026-01-18 12:00:46,54,19,19,0,"fit: 4, efit: 2","fit: 4, efit: 1",,,,0,0,0,0,2,,
2026-01-19 00:00:37,54,19,19,0,"fit: 4, efit: 2","fit: 4, efit: 1",,,,0,0,0,0,2,,
2026-01-19 13:57:03,54,19,19,0,"fit: 4, efit: 2","fit: 4, efit: 2",,,,0,0,0,0,2,,
2026-01-20 00:00:32,54,19,19,0,"fit: 4, efit: 2","fit: 4, efit: 2",,,,0,0,0,0,2,,
2026-01-20 16:25:06,54,19,19,0,"fit: 4, efit: 1","fit: 4, efit: 1",,,,0,0,0,0,2,,
2026-01-21 00:00:17,54,19,19,0,"fit: 4, efit: 1","fit: 4, efit: 1",,,,0,0,0,0,2,,
2026-01-21 10:12:06,54,19,19,0,fit: 4,fit: 4,,,,0,0,0,0,2,,
2026-01-21 11:57:24,54,19,19,0,"fit: 4, efit: 2","fit: 4, efit: 2",,,,0,0,0,0,2,,
2026-01-21 16:38:13,54,19,19,0,"fit: 4, efit: 3","fit: 4, efit: 3",,,,0,0,0,0,2,,
2026-01-21 20:58:59,54,19,19,0,"fit: 4, efit: 2","fit: 4, efit: 2",,,,0,0,0,0,2,,
2026-01-22 00:00:12,54,19,19,0,"fit: 4, efit: 2","fit: 4, efit: 2",,,,0,0,0,0,2,,
2026-01-22 12:46:46,54,19,19,0,"fit: 4, efit: 3","fit: 4, efit: 3",,,,0,0,0,0,2,,
2026-01-22 12:49:26,54,19,19,0,"fit: 4, efit: 2","fit: 4, efit: 2",,,,0,0,0,0,2,,
2026-01-22 16:12:21,54,19,19,0,"fit: 4, efit: 3","fit: 4, efit: 3",,,,0,0,0,0,2,,
2026-01-23 00:02:16,54,19,19,0,"fit: 4, efit: 3","fit: 4, efit: 3",,,,0,0,0,0,2,,
2026-01-23 17:41:33,54,19,19,0,"fit: 3, efit: 3","fit: 3, efit: 3",,,,0,0,0,0,2,,
2026-01-23 17:56:36,54,19,19,0,"fit: 4, efit: 3","fit: 4, efit: 3",,,,0,0,0,0,2,,
2026-01-24 00:02:32,54,19,19,0,"fit: 4, efit: 3","fit: 4, efit: 3",,,,0,0,0,0,2,,
2026-01-24 13:54:39,54,19,19,0,"fit: 4, efit: 1","fit: 4, efit: 1",,,,0,0,0,0,2,,
2026-01-25 00:01:13,54,19,19,0,"fit: 4, efit: 1","fit: 4, efit: 1",,,,0,0,0,0,2,,
2026-01-26 00:00:10,54,19,19,0,"fit: 4, efit: 1","fit: 4, efit: 1",,,,0,0,0,0,2,,
2026-01-27 00:01:05,54,19,19,0,"fit: 4, efit: 1","fit: 4, efit: 1",,,,0,0,0,0,2,,
2026-01-27 22:18:47,54,19,19,0,"fit: 4, efit: 1",fit: 4,,,,0,0,0,0,2,,
2026-01-28 00:02:05,54,19,19,0,"fit: 4, efit: 1",fit: 4,,,,0,0,0,0,2,,
2026-01-29 00:01:22,54,19,19,0,"fit: 4, efit: 1",fit: 4,,,,0,0,0,0,2,,
2026-01-29 15:05:49,54,19,19,0,fit: 2,fit: 2,,,,0,0,0,0,2,,
2026-01-29 15:10:50,54,19,19,0,,,,,,0,0,0,0,2,,
2026-01-29 15:43:54,54,19,19,0,"fit: 3, efit: 1",fit: 3,,,,0,0,0,0,2,,
2026-01-29 15:45:56,54,19,19,0,"fit: 4, efit: 1",fit: 4,,,,0,0,0,0,2,,
2026-01-29 18:14:19,54,19,19,0,"fit: 4, efit: 1",fit: 4,efit: 1,,,0,0,0,0,2,,
2026-01-30 00:00:15,54,19,19,0,"fit: 4, efit: 1",fit: 4,efit: 1,,,0,0,0,0,2,,
2026-01-31 00:01:27,54,19,19,0,"fit: 4, efit: 1",fit: 4,efit: 1,,,0,0,0,0,2,,
2026-02-01 00:00:33,54,19,19,0,"fit: 4, efit: 1",fit: 4,efit: 1,,,0,0,0,0,2,,
2026-02-01 07:56:55,54,19,19,0,"fit: 3, efit: 1",fit: 3,efit: 1,,,0,0,0,0,2,,
2026-02-02 00:01:50,54,19,19,0,"fit: 3, efit: 1",fit: 3,efit: 1,,,0,0,0,0,2,,
2026-02-03 00:00:45,54,19,19,0,"fit: 3, efit: 1",fit: 3,efit: 1,,,0,0,0,0,2,,
2026-02-03 10:15:25,54,19,19,0,fit: 3,fit: 3,,,,0,0,0,0,2,,
2026-02-03 10:17:25,54,19,19,0,"fit: 3, efit: 1","fit: 3, efit: 1",,,,0,0,0,0,2,,
2026-02-04 00:02:56,54,19,19,0,"fit: 3, efit: 1","fit: 3, efit: 1",,,,0,0,0,0,2,,
2026-02-04 12:36:40,54,19,19,0,"fit: 3, efit: 2","fit: 3, efit: 2",,,,0,0,0,0,2,,
2026-02-04 12:40:04,54,19,19,0,"fit: 3, efit: 1","fit: 3, efit: 1",,,,0,0,0,0,2,,
2026-02-05 00:02:02,54,19,19,0,"fit: 3, efit: 1","fit: 3, efit: 1",,,,0,0,0,0,2,,
2026-02-06 00:00:40,54,19,19,0,"fit: 3, efit: 1","fit: 3, efit: 1",,,,0,0,0,0,2,,
2026-02-07 00:00:17,54,19,19,0,"fit: 3, efit: 1","fit: 3, efit: 1",,,,0,0,0,0,2,,
2026-02-08 00:00:29,54,19,19,0,"fit: 3, efit: 1","fit: 3, efit: 1",,,,0,0,0,0,2,,
2026-02-09 00:03:24,54,19,19,0,"fit: 3, efit: 1","fit: 3, efit: 1",,,,0,0,0,0,2,,
2026-02-10 00:02:30,54,19,19,0,"fit: 3, efit: 1","fit: 3, efit: 1",,,,0,0,0,0,2,,
2026-02-10 07:04:42,54,19,19,0,"fit: 3, efit: 1",fit: 3,,,,0,0,0,0,2,,
2026-02-10 14:27:56,54,19,19,0,"fit: 3, efit: 3","fit: 3, efit: 2",,,,0,0,0,0,2,,
2026-02-10 14:30:02,54,19,19,0,"fit: 3, efit: 3","fit: 3, efit: 3",,,,0,0,0,0,2,,
2026-02-11 00:00:22,54,19,19,0,"fit: 3, efit: 3","fit: 3, efit: 3",,,,0,0,0,0,2,,
2026-02-11 16:29:30,54,19,19,0,"fit: 3, efit: 4","fit: 3, efit: 4",,,,0,0,0,0,2,,
2026-02-12 00:00:52,54,19,19,0,"fit: 3, efit: 4","fit: 3, efit: 4",,,,0,0,0,0,2,,
2026-02-12 11:37:52,54,19,19,0,"fit: 3, efit: 5","fit: 3, efit: 5",,,,0,0,0,0,2,,
2026-02-12 11:43:33,54,19,19,0,"fit: 3, efit: 4","fit: 3, efit: 4",,,,0,0,0,0,2,,
2026-02-12 12:02:56,54,19,19,0,"fit: 3, efit: 4","fit: 3, efit: 3",,,,0,0,0,0,2,,
2026-02-12 12:03:36,54,19,19,0,"fit: 3, efit: 4","fit: 3, efit: 4",,,,0,0,0,0,2,,
2026-02-13 00:00:02,54,19,19,0,"fit: 3, efit: 4","fit: 3, efit: 4",,,,0,0,0,0,2,,
2026-02-14 00:03:24,54,19,19,0,"fit: 3, efit: 4","fit: 3, efit: 4",,,,0,0,0,0,2,,
2026-02-14 10:10:56,54,19,19,0,"fit: 3, efit: 5","fit: 3, efit: 5",,,,0,0,0,0,2,,
2026-02-14 11:46:17,54,19,19,0,"fit: 3, efit: 4","fit: 3, efit: 4",,,,0,0,0,0,2,,
2026-02-14 14:21:44,54,19,19,0,"fit: 3, efit: 5","fit: 3, efit: 5",,,,0,0,0,0,2,,
2026-02-14 14:41:48,54,19,19,0,"fit: 3, efit: 4","fit: 3, efit: 4",,,,0,0,0,0,2,,
2026-02-15 00:03:26,54,19,19,0,"fit: 3, efit: 4","fit: 3, efit: 4",,,,0,0,0,0,2,,
2026-02-16 00:00:16,54,19,19,0,"fit: 3, efit: 4","fit: 3, efit: 4",,,,0,0,0,0,2,,
2026-02-16 14:43:55,54,19,19,0,"fit: 5, efit: 4","fit: 5, efit: 4",,,,0,0,0,0,2,,
2026-02-16 14:48:56,54,19,19,0,"fit: 5, efit: 2","fit: 5, efit: 2",,,,0,0,0,0,2,,
2026-02-17 00:00:54,54,19,19,0,"fit: 5, efit: 2","fit: 5, efit: 2",,,,0,0,0,0,2,,
2026-02-17 17:43:51,54,19,19,0,"fit: 5, efit: 1","fit: 5, efit: 1",,,,0,0,0,0,2,,
2026-02-17 18:25:56,54,19,19,0,"fit: 5, efit: 1",fit: 5,,,,0,0,0,0,2,,
2026-02-18 00:01:41,54,19,19,0,"fit: 5, efit: 1",fit: 5,,,,0,0,0,0,2,,
2026-02-18 11:06:42,54,19,19,0,fit: 5,fit: 5,,,,0,0,0,0,2,,
2026-02-18 11:08:50,54,19,19,0,"fit: 5, efit: 1","fit: 5, efit: 1",,,,0,0,0,0,2,,
2026-02-19 00:01:05,54,19,19,0,"fit: 5, efit: 1","fit: 5, efit: 1",,,,0,0,0,0,2,,
2026-02-19 17:56:28,54,19,19,0,"fit: 5, efit: 2","fit: 5, efit: 2",,,,0,0,0,0,2,,
2026-02-20 00:01:25,54,19,19,0,"fit: 5, efit: 2","fit: 5, efit: 2",,,,0,0,0,0,2,,
2026-02-20 13:49:10,54,19,19,0,"fit: 5, efit: 3","fit: 5, efit: 3",,,,0,0,0,0,2,,
2026-02-20 14:09:15,54,19,19,0,"fit: 5, efit: 2","fit: 5, efit: 2",,,,0,0,0,0,2,,
2026-02-20 14:59:25,54,19,19,0,"fit: 5, efit: 1","fit: 5, efit: 1",,,,0,0,0,0,2,,
2026-02-20 15:34:32,54,19,19,0,"fit: 5, efit: 2","fit: 5, efit: 2",,,,0,0,0,0,2,,
2026-02-20 16:29:43,54,19,19,0,"fit: 5, efit: 3","fit: 5, efit: 3",,,,0,0,0,0,2,,
2026-02-20 22:35:59,54,19,19,0,"fit: 5, efit: 2","fit: 5, efit: 2",,,,0,0,0,0,2,,
2026-02-21 00:01:16,54,19,19,0,"fit: 5, efit: 2","fit: 5, efit: 2",,,,0,0,0,0,2,,
2026-02-21 00:26:21,54,19,19,0,"fit: 5, efit: 2","fit: 5, efit: 1",,,,0,0,0,0,2,,
2026-02-21 11:23:08,54,19,19,0,"fit: 6, efit: 2","fit: 6, efit: 1",,,,0,0,0,0,2,,
2026-02-21 13:44:44,54,19,19,0,"fit: 6, efit: 1",fit: 6,,,,0,0,0,0,2,,
2026-02-21 13:58:33,54,19,19,0,"fit: 5, efit: 1",fit: 5,,,,0,0,0,0,2,,
2026-02-22 00:00:13,54,19,19,0,"fit: 5, efit: 1",fit: 5,,,,0,0,0,0,2,,
2026-02-22 23:13:58,54,19,19,0,"fit: 5, efit: 1",fit: 5,efit: 1,,,0,0,0,0,2,,
2026-02-23 00:00:41,54,19,19,0,"fit: 5, efit: 1",fit: 5,efit: 1,,,0,0,0,0,2,,
2026-02-23 10:12:29,54,19,19,0,fit: 5,fit: 5,,,,0,0,0,0,2,,
2026-02-23 10:15:45,54,19,19,0,"fit: 5, efit: 1","fit: 5, efit: 1",,,,0,0,0,0,2,,
2026-02-23 13:21:16,54,19,19,0,"fit: 5, efit: 2","fit: 5, efit: 2",,,,0,0,0,0,2,,
2026-02-23 13:23:03,54,19,19,0,"fit: 5, efit: 1","fit: 5, efit: 1",,,,0,0,0,0,2,,
2026-02-23 14:01:22,54,19,19,0,"fit: 5, efit: 2","fit: 5, efit: 2",,,,0,0,0,0,2,,
2026-02-23 15:26:36,54,19,19,0,"fit: 5, efit: 4","fit: 5, efit: 3",efit: 1,,,0,0,0,0,2,,
2026-02-24 00:00:16,54,19,19,0,"fit: 5, efit: 4","fit: 5, efit: 3",efit: 1,,,0,0,0,0,2,,
2026-02-24 14:22:55,54,19,19,0,"fit: 5, efit: 3","fit: 5, efit: 3",,,,0,0,0,0,2,,
2026-02-24 14:23:49,54,19,19,0,"fit: 4, efit: 3","fit: 4, efit: 3",,,,0,0,0,0,2,,
2026-02-24 14:27:32,54,19,19,0,"fit: 5, efit: 3","fit: 5, efit: 3",,,,0,0,0,0,2,,
2026-02-24 17:10:00,54,19,19,0,"fit: 5, efit: 2","fit: 5, efit: 2",,,,0,0,0,0,2,,
2026-02-25 00:01:15,54,19,19,0,"fit: 5, efit: 2","fit: 5, efit: 2",,,,0,0,0,0,2,,
2026-02-25 17:14:05,54,19,19,0,"fit: 5, efit: 3","fit: 5, efit: 3",,,,0,0,0,0,2,,
2026-02-26 00:00:08,54,19,19,0,"fit: 5, efit: 3","fit: 5, efit: 3",,,,0,0,0,0,2,,
2026-02-26 22:54:14,54,19,19,0,"fit: 5, efit: 2","fit: 5, efit: 2",,,,0,0,0,0,2,,
2026-02-27 00:00:09,54,19,19,0,"fit: 5, efit: 2","fit: 5, efit: 2",,,,0,0,0,0,2,,
2026-02-27 17:14:28,54,19,19,0,"fit: 5, efit: 3","fit: 5, efit: 3",,,,0,0,0,0,2,,
2026-02-28 00:01:07,54,19,19,0,"fit: 5, efit: 3","fit: 5, efit: 3",,,,0,0,0,0,2,,
2026-02-28 11:38:52,54,19,19,0,"fit: 5, efit: 3","fit: 5, efit: 2",,,,0,0,0,0,2,,
2026-02-28 12:54:10,54,19,19,0,"fit: 5, efit: 4","fit: 5, efit: 3",,,,0,0,0,0,2,,
2026-02-28 12:55:43,54,19,19,0,"fit: 5, efit: 3","fit: 5, efit: 2",,,,0,0,0,0,2,,
2026-02-28 13:34:15,54,19,19,0,"fit: 5, efit: 2","fit: 5, efit: 1",,,,0,0,0,0,2,,
2026-02-28 14:19:22,54,19,19,0,"fit: 5, efit: 3","fit: 5, efit: 2",,,,0,0,0,0,2,,
2026-02-28 15:14:31,54,19,19,0,"fit: 5, efit: 4","fit: 5, efit: 3",,,,0,0,0,0,2,,
2026-02-28 17:24:51,54,19,19,0,"fit: 6, efit: 3","fit: 6, efit: 2",,,,0,0,0,0,2,,
2026-03-01 00:00:51,54,19,19,0,"fit: 6, efit: 3","fit: 6, efit: 2",,,,0,0,0,0,2,,
2026-03-01 13:34:51,54,19,19,0,"fit: 6, efit: 5","fit: 6, efit: 4",,,,0,0,0,0,2,,
2026-03-01 14:40:02,54,19,19,0,"fit: 6, efit: 3","fit: 6, efit: 2",,,,0,0,0,0,2,,
2026-03-01 14:50:04,54,19,19,0,"fit: 6, efit: 2","fit: 6, efit: 1",,,,0,0,0,0,2,,
2026-03-01 14:50:19,54,19,19,0,"fit: 6, efit: 3","fit: 6, efit: 2",,,,0,0,0,0,2,,
2026-03-01 14:53:07,54,19,19,0,"fit: 6, efit: 3","fit: 6, efit: 3",,,,0,0,0,0,2,,
2026-03-01 16:23:20,54,19,19,0,"fit: 6, efit: 2","fit: 6, efit: 2",,,,0,0,0,0,2,,
2026-03-01 16:55:25,54,19,19,0,"fit: 6, efit: 3","fit: 6, efit: 3",,,,0,0,0,0,2,,
2026-03-01 18:20:40,54,19,19,0,"fit: 6, efit: 2","fit: 6, efit: 2",,,,0,0,0,0,2,,
2026-03-01 23:49:27,54,19,19,0,"fit: 6, efit: 1","fit: 6, efit: 1",,,,0,0,0,0,2,,
2026-03-02 00:01:37,54,19,19,0,"fit: 6, efit: 1","fit: 6, efit: 1",,,,0,0,0,0,2,,
2026-03-03 00:00:38,54,19,19,0,"fit: 6, efit: 1","fit: 6, efit: 1",,,,0,0,0,0,2,,
2026-03-04 00:01:38,54,19,19,0,"fit: 6, efit: 1","fit: 6, efit: 1",,,,0,0,0,0,2,,
2026-03-05 00:02:33,54,19,19,0,"fit: 6, efit: 1","fit: 6, efit: 1",,,,0,0,0,0,2,,
2026-03-06 00:01:33,54,19,19,0,"fit: 6, efit: 1","fit: 6, efit: 1",,,,0,0,0,0,2,,
2026-03-06 12:46:03,54,19,19,0,"fit: 6, efit: 2","fit: 6, efit: 2",,,,0,0,0,0,2,,
2026-03-06 16:10:34,54,19,19,0,"fit: 6, efit: 3","fit: 6, efit: 3",,,,0,0,0,0,2,,
2026-03-06 16:11:33,54,19,19,0,"fit: 6, efit: 2","fit: 6, efit: 2",,,,0,0,0,0,2,,
2026-03-06 18:34:36,54,19,19,0,"fit: 6, efit: 1","fit: 6, efit: 1",,,,0,0,0,0,2,,
2026-03-06 19:51:27,54,19,19,0,"fit: 5, efit: 1","fit: 5, efit: 1",,,,0,0,0,0,2,,
2026-03-06 19:54:50,54,19,19,0,"fit: 6, efit: 1","fit: 6, efit: 1",,,,0,0,0,0,2,,
2026-03-06 19:56:28,54,19,19,0,"fit: 4, efit: 1","fit: 4, efit: 1",,,,0,0,0,0,2,,
2026-03-06 20:24:55,54,19,19,0,"fit: 6, efit: 1","fit: 6, efit: 1",,,,0,0,0,0,2,,
2026-03-06 22:07:26,54,19,19,0,"fit: 7, efit: 1","fit: 7, efit: 1",,,,0,0,0,0,2,,
2026-03-06 22:10:13,54,19,19,0,fit: 7,fit: 7,,,,0,0,0,0,2,,
2026-03-07 00:00:32,54,19,19,0,fit: 7,fit: 7,,,,0,0,0,0,2,,
2026-03-07 09:49:07,54,19,19,0,"fit: 5, efit: 1","fit: 5, efit: 1",,,,0,0,0,0,2,,
2026-03-07 09:52:09,54,19,19,0,"fit: 5, efit: 4","fit: 5, efit: 4",,,,0,0,0,0,2,,
2026-03-07 09:54:08,54,19,19,0,"fit: 5, efit: 5","fit: 5, efit: 5",,,,0,0,0,0,2,,
2026-03-07 10:52:19,54,19,19,0,"fit: 5, efit: 6","fit: 5, efit: 6",,,,0,0,0,0,2,,
2026-03-07 10:54:16,54,19,19,0,"fit: 5, efit: 5","fit: 5, efit: 5",,,,0,0,0,0,2,,
2026-03-07 12:44:33,54,19,19,0,"fit: 5, efit: 4","fit: 5, efit: 4",,,,0,0,0,0,2,,
2026-03-07 13:09:37,54,19,19,0,"fit: 5, efit: 7","fit: 5, efit: 7",,,,0,0,0,0,2,,
2026-03-07 13:37:46,54,19,19,0,"fit: 5, efit: 4","fit: 5, efit: 4",,,,0,0,0,0,2,,
2026-03-07 13:39:41,54,19,19,0,"fit: 7, efit: 3","fit: 7, efit: 3",,,,0,0,0,0,2,,
2026-03-07 13:40:37,54,19,19,0,"fit: 7, efit: 2","fit: 7, efit: 2",,,,0,0,0,0,2,,
2026-03-07 15:08:02,54,19,19,0,"fit: 7, efit: 3","fit: 7, efit: 3",,,,0,0,0,0,2,,
2026-03-07 15:09:54,54,19,19,0,"fit: 7, efit: 5","fit: 7, efit: 5",,,,0,0,0,0,2,,
2026-03-07 15:50:01,54,19,19,0,"fit: 7, efit: 4","fit: 7, efit: 4",,,,0,0,0,0,2,,
2026-03-08 00:01:14,54,19,19,0,"fit: 7, efit: 4","fit: 7, efit: 4",,,,0,0,0,0,2,,
2026-03-08 03:44:56,54,19,19,0,"fit: 7, efit: 3","fit: 7, efit: 3",,,,0,0,0,0,2,,
2026-03-08 03:46:38,54,19,19,0,"fit: 7, efit: 2","fit: 7, efit: 2",,,,0,0,0,0,2,,
2026-03-08 08:27:19,54,19,19,0,"fit: 7, efit: 3","fit: 7, efit: 3",,,,0,0,0,0,2,,
2026-03-08 12:52:59,54,19,19,0,"fit: 7, efit: 2","fit: 7, efit: 2",,,,0,0,0,0,2,,
2026-03-08 12:55:56,54,19,19,0,fit: 6,fit: 6,,,,0,0,0,0,2,,
2026-03-08 13:56:11,54,19,19,0,fit: 5,fit: 5,,,,0,0,0,0,2,,
2026-03-08 16:36:49,54,19,19,0,fit: 4,fit: 4,,,,0,0,0,0,2,,
2026-03-08 18:27:16,54,19,19,0,fit: 2,fit: 2,,,,0,0,0,0,2,,
2026-03-08 18:28:49,54,19,19,0,fit: 1,fit: 1,,,,0,0,0,0,2,,
2026-03-08 19:17:28,54,19,19,0,fit: 4,fit: 4,,,,0,0,0,0,2,,
2026-03-08 20:17:41,54,19,19,0,"fit: 4, efit: 1","fit: 4, efit: 1",,,,0,0,0,0,2,,
2026-03-08 20:19:06,54,19,19,0,"fit: 4, efit: 2","fit: 4, efit: 2",,,,0,0,0,0,2,,
2026-03-09 00:03:17,54,19,19,0,"fit: 4, efit: 2","fit: 4, efit: 2",,,,0,0,0,0,2,,
2026-03-09 12:41:29,54,19,19,0,"fit: 4, efit: 3","fit: 4, efit: 3",,,,0,0,0,0,2,,
2026-03-09 12:45:25,54,19,19,0,"fit: 4, efit: 2","fit: 4, efit: 2",,,,0,0,0,0,2,,
2026-03-09 17:07:08,54,19,19,0,fit: 4,fit: 4,,,,0,0,0,0,2,,
2026-03-09 17:08:48,54,19,19,0,fit: 2,fit: 2,,,,0,0,0,0,2,,
2026-03-09 17:11:10,54,19,19,0,"fit: 1, efit: 1","fit: 1, efit: 1",,,,0,0,0,0,2,,
2026-03-09 17:51:16,54,19,19,0,fit: 1,fit: 1,,,,0,0,0,0,2,,
2026-03-09 17:52:15,54,19,19,0,"fit: 1, efit: 1","fit: 1, efit: 1",,,,0,0,0,0,2,,
2026-03-09 18:41:25,54,19,19,0,"fit: 4, efit: 2","fit: 4, efit: 1",,,,0,0,0,0,2,,
2026-03-10 00:02:17,54,19,19,0,"fit: 4, efit: 2","fit: 4, efit: 1",,,,0,0,0,0,2,,
2026-03-10 14:36:40,54,19,19,0,"fit: 4, efit: 1","fit: 4, efit: 1",,,,0,0,0,0,2,,
2026-03-10 14:39:42,54,19,19,0,"fit: 4, efit: 2","fit: 4, efit: 2",,,,0,0,0,0,2,,
2026-03-10 16:21:55,54,19,19,0,"fit: 4, efit: 1","fit: 4, efit: 1",,,,0,0,0,0,2,,
2026-03-11 00:01:17,54,19,19,0,"fit: 4, efit: 1","fit: 4, efit: 1",,,,0,0,0,0,2,,
2026-03-11 08:24:04,54,19,19,0,"fit: 4, efit: 1",fit: 4,,,,0,0,0,0,2,,
2026-03-11 19:39:20,54,19,19,0,"fit: 4, efit: 3","fit: 4, efit: 2",,,,0,0,0,0,2,,
2026-03-12 00:00:05,54,19,19,0,"fit: 4, efit: 3","fit: 4, efit: 2",,,,0,0,0,0,2,,
2026-03-12 02:51:33,54,19,19,0,"fit: 4, efit: 3","fit: 4, efit: 1",,,,0,0,0,0,2,,
2026-03-12 02:55:23,54,19,19,0,"fit: 4, efit: 3","fit: 4, efit: 2",,,,0,0,0,0,2,,
2026-03-12 08:26:11,54,19,19,0,"fit: 4, efit: 2","fit: 4, efit: 1",,,,0,0,0,0,2,,
2026-03-12 10:26:29,54,19,19,0,"fit: 4, efit: 1","fit: 4, efit: 1",,,,0,0,0,0,2,,
2026-03-12 13:46:57,54,19,19,0,"fit: 4, efit: 2","fit: 4, efit: 2",,,,0,0,0,0,2,,
2026-03-12 15:52:16,54,19,19,0,"fit: 4, efit: 1","fit: 4, efit: 1",,,,0,0,0,0,2,,
2026-03-12 16:37:22,54,19,19,0,"fit: 4, efit: 2","fit: 4, efit: 2",,,,0,0,0,0,2,,
2026-03-13 00:03:27,54,19,19,0,"fit: 4, efit: 2","fit: 4, efit: 2",,,,0,0,0,0,2,,
2026-03-13 09:19:47,54,19,19,0,"fit: 4, efit: 3","fit: 4, efit: 3",,,,0,0,0,0,2,,
2026-03-13 10:04:54,54,19,19,0,"fit: 4, efit: 2","fit: 4, efit: 2",,,,0,0,0,0,2,,
2026-03-13 12:06:00,54,19,19,0,"fit: 4, efit: 3","fit: 4, efit: 3",,,,0,0,0,0,2,,
2026-03-13 12:10:12,54,19,19,0,"fit: 4, efit: 2","fit: 4, efit: 2",,,,0,0,0,0,2,,
2026-03-13 14:35:33,54,19,19,0,"fit: 4, efit: 1","fit: 4, efit: 1",,,,0,0,0,0,2,,
2026-03-13 15:55:45,54,19,19,0,fit: 4,fit: 4,,,,0,0,0,0,2,,
2026-03-13 16:25:49,54,19,19,0,"fit: 4, efit: 1","fit: 4, efit: 1",,,,0,0,0,0,2,,
2026-03-14 00:01:55,54,19,19,0,"fit: 4, efit: 1","fit: 4, efit: 1",,,,0,0,0,0,2,,
2026-03-14 10:08:21,54,19,19,0,"fit: 4, efit: 2","fit: 4, efit: 2",,,,0,0,0,0,2,,
2026-03-14 13:34:25,54,19,19,0,"fit: 4, efit: 1","fit: 4, efit: 1",,,,0,0,0,0,2,,
2026-03-14 16:09:14,54,19,19,0,fit: 4,fit: 4,,,,0,0,0,0,2,,
2026-03-14 16:44:52,54,19,19,0,fit: 1,fit: 1,,,,0,0,0,0,2,,
2026-03-14 16:59:21,54,19,19,0,"fit: 1, efit: 1","fit: 1, efit: 1",,,,0,0,0,0,2,,
2026-03-15 00:00:24,54,19,19,0,"fit: 1, efit: 1","fit: 1, efit: 1",,,,0,0,0,0,2,,
2026-03-15 08:23:13,54,19,19,0,"fit: 1, efit: 2","fit: 1, efit: 2",,,,0,0,0,0,2,,
2026-03-15 15:52:41,54,19,19,0,"fit: 1, efit: 3","fit: 1, efit: 3",,,,0,0,0,0,2,,
2026-03-15 15:57:42,54,19,19,0,"fit: 1, efit: 2","fit: 1, efit: 2",,,,0,0,0,0,2,,
2026-03-15 16:02:43,54,19,19,0,"fit: 1, efit: 1","fit: 1, efit: 1",,,,0,0,0,0,2,,
2026-03-15 16:23:12,54,19,19,0,"fit: 1, efit: 2","fit: 1, efit: 2",,,,0,0,0,0,2,,
2026-03-15 17:34:43,54,19,19,0,"fit: 1, efit: 3","fit: 1, efit: 3",,,,0,0,0,0,2,,
2026-03-15 17:37:57,54,19,19,0,"fit: 1, efit: 2","fit: 1, efit: 2",,,,0,0,0,0,2,,
2026-03-16 00:00:48,54,19,19,0,"fit: 1, efit: 2","fit: 1, efit: 2",,,,0,0,0,0,2,,
2026-03-16 13:30:12,54,19,19,0,"fit: 1, efit: 2","fit: 1, efit: 1",,,,0,0,0,0,2,,
2026-03-17 00:02:17,54,19,19,0,"fit: 1, efit: 2","fit: 1, efit: 1",,,,0,0,0,0,2,,
2026-03-17 00:42:23,54,19,19,0,"fit: 1, efit: 2","fit: 1, efit: 1",efit: 1,,,0,0,0,0,2,,
2026-03-17 10:35:41,54,19,19,0,"fit: 1, efit: 1","fit: 1, efit: 1",,,,0,0,0,0,2,,
2026-03-17 10:38:46,54,19,19,0,"fit: 1, efit: 2","fit: 1, efit: 2",,,,0,0,0,0,2,,
2026-03-18 00:00:40,54,19,19,0,"fit: 1, efit: 2","fit: 1, efit: 2",,,,0,0,0,0,2,,
2026-03-18 12:25:03,54,19,19,0,"fit: 1, efit: 1","fit: 1, efit: 1",,,,0,0,0,0,2,,
2026-03-18 12:42:28,54,19,19,0,"fit: 1, efit: 2","fit: 1, efit: 2",,,,0,0,0,0,2,,
2026-03-18 16:10:40,54,19,19,0,"fit: 1, efit: 3","fit: 1, efit: 3",,,,0,0,0,0,2,,
2026-03-18 20:26:22,54,19,19,0,"fit: 1, efit: 2","fit: 1, efit: 2",,,,0,0,0,0,2,,
2026-03-19 00:01:58,54,19,19,0,"fit: 1, efit: 2","fit: 1, efit: 2",,,,0,0,0,0,2,,
2026-03-19 07:38:11,54,19,19,0,"fit: 1, efit: 3","fit: 1, efit: 3",,,,0,0,0,0,2,,
2026-03-19 09:38:30,54,19,19,0,"fit: 1, efit: 3",efit: 3,fit: 1,,,0,0,0,0,2,,
2026-03-19 12:40:09,54,19,19,0,"fit: 1, efit: 2",efit: 2,fit: 1,,,0,0,0,0,2,,
2026-03-19 15:09:25,54,19,19,0,efit: 6,efit: 6,,,,0,0,0,0,2,,
2026-03-19 19:01:44,54,19,19,0,efit: 6,efit: 5,,,,0,0,0,0,2,,
2026-03-20 00:00:55,54,19,19,0,efit: 6,efit: 5,,,,0,0,0,0,2,,
2026-03-20 11:17:47,54,19,19,0,efit: 7,efit: 6,,,,0,0,0,0,2,,
2026-03-20 14:18:17,54,19,19,0,efit: 7,efit: 7,,,,0,0,0,0,2,,
2026-03-21 00:00:57,54,19,19,0,efit: 7,efit: 7,,,,0,0,0,0,2,,
2026-03-21 07:37:02,54,19,19,0,efit: 8,efit: 8,,,,0,0,0,0,2,,
2026-03-21 11:04:01,54,19,19,0,"fit: 1, efit: 8","fit: 1, efit: 8",,,,0,0,0,0,2,,
2026-03-21 11:06:44,54,19,19,0,"fit: 1, efit: 7","fit: 1, efit: 7",,,,0,0,0,0,2,,
2026-03-21 11:51:51,54,19,19,0,"fit: 2, efit: 6","fit: 2, efit: 6",,,,0,0,0,0,2,,
2026-03-21 13:42:09,54,19,19,0,"fit: 2, efit: 4","fit: 2, efit: 4",,,,0,0,0,0,2,,
2026-03-21 13:44:32,54,19,19,0,"fit: 2, efit: 5","fit: 2, efit: 5",,,,0,0,0,0,2,,
2026-03-21 13:47:10,54,19,19,0,"fit: 2, efit: 4","fit: 2, efit: 4",,,,0,0,0,0,2,,
2026-03-21 14:34:41,54,19,19,0,"fit: 2, efit: 1","fit: 2, efit: 1",,,,0,0,0,0,2,,
2026-03-21 14:39:42,54,19,19,0,"fit: 2, efit: 1",fit: 2,efit: 1,,,0,0,0,0,2,,
2026-03-21 14:47:20,54,19,19,0,"fit: 1, efit: 1",fit: 1,efit: 1,,,0,0,0,0,2,,
2026-03-21 15:32:28,54,19,19,0,"fit: 1, efit: 3","fit: 1, efit: 2",efit: 1,,,0,0,0,0,2,,
2026-03-21 15:59:58,54,19,19,0,"fit: 2, efit: 3","fit: 2, efit: 2",efit: 1,,,0,0,0,0,2,,
2026-03-21 16:02:33,54,19,19,0,"fit: 2, efit: 2","fit: 2, efit: 1",efit: 1,,,0,0,0,0,2,,
2026-03-21 18:07:54,54,19,19,0,"fit: 2, efit: 3","fit: 2, efit: 2",efit: 1,,,0,0,0,0,2,,
2026-03-21 19:48:10,54,19,19,0,"fit: 2, efit: 1",fit: 2,efit: 1,,,0,0,0,0,2,,
2026-03-21 22:43:39,54,19,19,0,"fit: 2, efit: 3","fit: 2, efit: 2",efit: 1,,,0,0,0,0,2,,
2026-03-22 00:01:31,54,19,19,0,"fit: 2, efit: 3","fit: 2, efit: 2",efit: 1,,,0,0,0,0,2,,
2026-03-22 08:35:14,54,19,19,0,"fit: 2, efit: 4","fit: 2, efit: 3",efit: 1,,,0,0,0,0,2,,
2026-03-22 12:40:55,54,19,19,0,"fit: 1, efit: 4","fit: 1, efit: 3",efit: 1,,,0,0,0,0,2,,
2026-03-22 13:00:59,54,19,19,0,"fit: 2, efit: 3","fit: 2, efit: 2",efit: 1,,,0,0,0,0,2,,
2026-03-22 13:21:22,54,19,19,0,"fit: 1, efit: 3","fit: 1, efit: 2",efit: 1,,,0,0,0,0,2,,
2026-03-22 13:41:06,54,19,19,0,"fit: 1, efit: 2","fit: 1, efit: 1",efit: 1,,,0,0,0,0,2,,
2026-03-22 13:44:07,54,19,19,0,efit: 1,,efit: 1,,,0,0,0,0,2,,
2026-03-22 14:39:17,54,19,19,0,"fit: 1, efit: 2","fit: 1, efit: 1",efit: 1,,,0,0,0,0,2,,
2026-03-22 16:19:37,54,19,19,0,"fit: 1, efit: 3","fit: 1, efit: 1",efit: 1,,,0,0,0,0,2,,
2026-03-22 16:36:35,54,19,19,0,"fit: 1, efit: 2",fit: 1,efit: 1,,,0,0,0,0,2,,
2026-03-23 00:01:05,54,19,19,0,"fit: 1, efit: 2",fit: 1,efit: 1,,,0,0,0,0,2,,
2026-03-23 09:54:14,54,19,19,0,"fit: 1, efit: 2","fit: 1, efit: 1",efit: 1,,,0,0,0,0,2,,
2026-03-23 09:58:01,54,19,19,0,"fit: 1, efit: 2",fit: 1,efit: 1,,,0,0,0,0,2,,
2026-03-23 11:13:16,54,19,19,0,"fit: 1, efit: 1","fit: 1, efit: 1",,,,0,0,0,0,2,,
2026-03-23 13:38:44,54,19,19,0,"fit: 1, efit: 2","fit: 1, efit: 2",,,,0,0,0,0,2,,
2026-03-23 15:54:11,54,19,19,0,"fit: 1, efit: 3","fit: 1, efit: 3",,,,0,0,0,0,2,,
2026-03-23 18:04:36,54,19,19,0,"fit: 1, efit: 2","fit: 1, efit: 2",,,,0,0,0,0,2,,
2026-03-24 00:00:45,54,19,19,0,"fit: 1, efit: 2","fit: 1, efit: 2",,,,0,0,0,0,2,,
2026-03-24 10:27:45,54,19,19,0,"fit: 1, efit: 3","fit: 1, efit: 3",,,,0,0,0,0,2,,
2026-03-24 10:37:47,54,19,19,0,"fit: 2, efit: 6","fit: 2, efit: 6",,,,0,0,0,0,2,,
2026-03-24 20:23:21,54,19,19,0,"fit: 2, efit: 5","fit: 2, efit: 5",,,,0,0,0,0,2,,
2026-03-25 00:00:14,54,19,19,0,"fit: 2, efit: 5","fit: 2, efit: 5",,,,0,0,0,0,2,,
2026-03-25 06:16:10,54,19,19,0,"fit: 2, efit: 6","fit: 2, efit: 6",,,,0,0,0,0,2,,
2026-03-25 11:26:56,54,19,19,0,"fit: 1, efit: 6","fit: 1, efit: 6",,,,0,0,0,0,2,,
2026-03-25 11:36:58,54,19,19,0,"fit: 2, efit: 6","fit: 2, efit: 6",,,,0,0,0,0,2,,
2026-03-25 11:52:00,54,19,19,1,"fit: 2, efit: 6","fit: 2, efit: 6",,,,0,0,0,0,2,,
2026-03-25 11:57:01,54,19,19,0,"fit: 2, efit: 6","fit: 2, efit: 6",,,,0,0,0,0,2,,
2026-03-25 14:17:23,54,19,19,0,"fit: 2, efit: 7","fit: 2, efit: 7",,,,0,0,0,0,2,,
2026-03-25 16:42:45,54,19,19,0,"fit: 2, efit: 8","fit: 2, efit: 8",,,,0,0,0,0,2,,
2026-03-25 18:23:01,54,19,19,0,"fit: 2, efit: 7","fit: 2, efit: 7",,,,0,0,0,0,2,,
2026-03-25 18:38:03,54,19,19,0,"fit: 2, efit: 6","fit: 2, efit: 6",,,,0,0,0,0,2,,
2026-03-25 19:13:49,54,19,19,0,"fit: 2, efit: 5","fit: 2, efit: 5",,,,0,0,0,0,2,,
2026-03-25 19:18:10,54,19,19,0,"fit: 2, efit: 6","fit: 2, efit: 6",,,,0,0,0,0,2,,
2026-03-25 19:28:11,54,19,19,0,"fit: 2, efit: 6","fit: 2, efit: 5",efit: 1,,,0,0,0,0,2,,
2026-03-25 22:35:09,54,19,19,0,"fit: 3, efit: 6","fit: 3, efit: 5",efit: 1,,,0,0,0,0,2,,
2026-03-26 00:00:26,54,19,19,0,"fit: 3, efit: 6","fit: 3, efit: 5",efit: 1,,,0,0,0,0,2,,
2026-03-26 09:05:11,54,19,19,0,"fit: 3, efit: 5","fit: 3, efit: 5",,,,0,0,0,0,2,,
2026-03-26 10:52:34,54,19,19,0,"fit: 4, efit: 4","fit: 4, efit: 4",,,,0,0,0,0,2,,
2026-03-26 13:45:54,54,19,19,0,"fit: 4, efit: 5","fit: 4, efit: 5",,,,0,0,0,0,2,,
2026-03-26 14:51:04,54,19,19,0,"fit: 4, efit: 4","fit: 4, efit: 4",,,,0,0,0,0,2,,
2026-03-26 15:46:13,54,19,19,0,"fit: 4, efit: 2","fit: 4, efit: 2",,,,0,0,0,0,2,,
2026-03-26 15:52:22,54,19,19,0,"fit: 4, efit: 1","fit: 4, efit: 1",,,,0,0,0,0,2,,
2026-03-26 16:13:17,54,19,19,0,"fit: 4, efit: 2","fit: 4, efit: 2",,,,0,0,0,0,2,,
2026-03-26 16:32:29,54,19,19,0,"fit: 4, efit: 1","fit: 4, efit: 1",,,,0,0,0,0,2,,
2026-03-26 17:48:36,54,19,19,0,"fit: 4, efit: 2","fit: 4, efit: 2",,,,0,0,0,0,2,,
2026-03-26 17:51:32,54,19,19,0,"fit: 4, efit: 3","fit: 4, efit: 3",,,,0,0,0,0,2,,
2026-03-27 00:02:28,54,19,19,0,"fit: 4, efit: 3","fit: 4, efit: 3",,,,0,0,0,0,2,,
2026-03-27 15:34:46,54,19,19,0,"fit: 4, efit: 2","fit: 4, efit: 2",,,,0,0,0,0,2,,
2026-03-28 00:01:05,54,19,19,0,"fit: 4, efit: 2","fit: 4, efit: 2",,,,0,0,0,0,2,,
2026-03-28 07:29:19,54,19,19,0,"fit: 4, efit: 3","fit: 4, efit: 3",,,,0,0,0,0,2,,
2026-03-28 14:38:13,54,19,19,0,"fit: 4, efit: 2","fit: 4, efit: 2",,,,0,0,0,0,2,,
2026-03-29 00:02:14,54,19,19,0,"fit: 4, efit: 2","fit: 4, efit: 2",,,,0,0,0,0,2,,
2026-03-29 08:20:48,54,19,19,0,"fit: 4, efit: 3","fit: 4, efit: 3",,,,0,0,0,0,2,,
2026-03-29 10:01:02,54,19,19,0,"fit: 4, efit: 4","fit: 4, efit: 4",,,,0,0,0,0,2,,
2026-03-29 10:21:05,54,19,19,0,"fit: 4, efit: 5","fit: 4, efit: 5",,,,0,0,0,0,2,,
2026-03-29 11:29:12,54,19,19,0,"fit: 4, efit: 6","fit: 4, efit: 6",,,,0,0,0,0,2,,
2026-03-29 11:34:13,54,19,19,0,"fit: 4, efit: 5","fit: 4, efit: 5",,,,0,0,0,0,2,,
2026-03-29 11:59:17,54,19,19,0,"fit: 5, efit: 5","fit: 5, efit: 5",,,,0,0,0,0,2,,
2026-03-29 12:51:27,54,19,19,0,"fit: 5, efit: 7","fit: 5, efit: 7",,,,0,0,0,0,2,,
2026-03-29 13:06:41,54,19,19,0,"fit: 4, efit: 7","fit: 4, efit: 7",,,,0,0,0,0,2,,
2026-03-29 13:09:29,54,19,19,0,"fit: 5, efit: 6","fit: 5, efit: 6",,,,0,0,0,0,2,,
2026-03-29 13:41:35,54,19,19,0,"fit: 5, efit: 5","fit: 5, efit: 5",,,,0,0,0,0,2,,
2026-03-29 14:31:42,54,19,19,0,"fit: 5, efit: 4","fit: 5, efit: 4",,,,0,0,0,0,2,,
2026-03-29 14:41:59,54,19,19,0,"fit: 4, efit: 4","fit: 4, efit: 4",,,,0,0,0,0,2,,
2026-03-29 15:11:48,54,19,19,0,"fit: 5, efit: 4","fit: 5, efit: 4",,,,0,0,0,0,2,,
2026-03-29 15:34:55,54,19,19,0,"fit: 6, efit: 3","fit: 6, efit: 3",,,,0,0,0,0,2,,
2026-03-29 16:10:02,54,19,19,0,"fit: 6, efit: 2","fit: 6, efit: 2",,,,0,0,0,0,2,,
2026-03-29 16:42:02,54,19,19,0,"fit: 6, efit: 3","fit: 6, efit: 3",,,,0,0,0,0,2,,
2026-03-30 00:01:25,54,19,19,0,"fit: 6, efit: 3","fit: 6, efit: 3",,,,0,0,0,0,2,,
2026-03-30 13:23:43,54,19,19,0,"fit: 6, efit: 4","fit: 6, efit: 4",,,,0,0,0,0,2,,
2026-03-30 14:03:51,54,19,19,0,"fit: 6, efit: 5","fit: 6, efit: 5",,,,0,0,0,0,2,,
2026-03-30 14:48:58,54,19,19,0,"fit: 6, efit: 4","fit: 6, efit: 4",,,,0,0,0,0,2,,
2026-03-30 18:35:55,54,19,19,0,"fit: 6, efit: 3","fit: 6, efit: 3",,,,0,0,0,0,2,,
2026-03-31 00:00:36,54,19,19,0,"fit: 6, efit: 3","fit: 6, efit: 3",,,,0,0,0,0,2,,
2026-03-31 01:25:50,54,19,19,0,"fit: 6, efit: 3","fit: 6, efit: 2",efit: 1,,,0,0,0,0,2,,
2026-03-31 11:32:36,54,19,19,0,"fit: 6, efit: 3","fit: 6, efit: 3",,,,0,0,0,0,2,,
2026-03-31 11:45:50,54,19,19,0,"fit: 5, efit: 3","fit: 5, efit: 3",,,,0,0,0,0,2,,
2026-03-31 11:47:38,54,19,19,0,"fit: 6, efit: 3","fit: 6, efit: 3",,,,0,0,0,0,2,,
2026-03-31 11:58:30,54,19,19,0,"fit: 5, efit: 3","fit: 5, efit: 3",,,,0,0,0,0,2,,
2026-03-31 12:00:53,54,19,19,0,"fit: 6, efit: 3","fit: 6, efit: 3",,,,0,0,0,0,2,,
2026-03-31 13:58:02,54,19,19,0,"fit: 6, efit: 3","fit: 6, efit: 2",,,,0,0,0,0,2,,
2026-03-31 14:08:04,54,19,19,0,"fit: 6, efit: 3","fit: 6, efit: 1",efit: 1,,,0,0,0,0,2,,
2026-03-31 17:52:04,54,19,19,0,"fit: 6, efit: 2",fit: 6,efit: 1,,,0,0,0,0,2,,
2026-03-31 18:57:17,54,19,19,0,"fit: 6, efit: 3","fit: 6, efit: 1",efit: 1,,,0,0,0,0,2,,
2026-04-01 00:04:05,54,19,19,0,"fit: 6, efit: 3","fit: 6, efit: 1",efit: 1,,,0,0,0,0,2,,
2026-04-01 00:19:08,54,19,19,0,"fit: 6, efit: 3","fit: 6, efit: 2",,,,0,0,0,0,2,,
2026-04-01 01:39:23,54,19,19,0,"fit: 6, efit: 3","fit: 6, efit: 1",efit: 1,,,0,0,0,0,2,,
2026-04-01 02:24:31,54,19,19,0,"fit: 6, efit: 3","fit: 6, efit: 2",,,,0,0,0,0,2,,
2026-04-01 02:54:37,54,19,19,0,"fit: 6, efit: 3","fit: 6, efit: 1",,,,0,0,0,0,2,,
2026-04-01 03:44:46,54,19,19,0,"fit: 6, efit: 3",fit: 6,efit: 1,,,0,0,0,0,2,,
2026-04-01 09:15:52,54,19,19,0,"fit: 6, efit: 3","fit: 6, efit: 1",,,,0,0,0,0,2,,
2026-04-01 09:45:58,54,19,19,0,"fit: 6, efit: 1","fit: 6, efit: 1",,,,0,0,0,0,2,,
2026-04-01 11:06:08,54,19,19,0,"fit: 6, efit: 1",fit: 6,efit: 1,,,0,0,0,0,2,,
2026-04-02 00:03:17,54,19,19,0,"fit: 6, efit: 1",fit: 6,efit: 1,,,0,0,0,0,2,,
2026-04-02 09:39:49,54,19,19,0,"fit: 6, efit: 1","fit: 6, efit: 1",,,,0,0,0,0,2,,
2026-04-02 13:36:26,54,19,19,0,"fit: 6, efit: 2","fit: 6, efit: 2",,,,0,0,0,0,2,,
2026-04-02 13:56:30,54,19,19,0,"fit: 6, efit: 1","fit: 6, efit: 1",,,,0,0,0,0,2,,
2026-04-02 14:35:40,54,19,19,0,"fit: 6, efit: 3","fit: 6, efit: 3",,,,0,0,0,0,2,,
2026-04-02 18:51:25,54,19,19,0,"fit: 6, efit: 2","fit: 6, efit: 2",,,,0,0,0,0,2,,
2026-04-02 19:13:40,54,19,19,0,"fit: 6, efit: 1","fit: 6, efit: 1",,,,0,0,0,0,2,,
2026-04-02 20:01:37,54,19,19,0,"fit: 6, efit: 2","fit: 6, efit: 2",,,,0,0,0,0,2,,
2026-04-02 23:19:32,54,19,19,0,"fit: 6, efit: 3","fit: 6, efit: 3",,,,0,0,0,0,2,,
2026-04-03 00:02:16,54,19,19,0,"fit: 6, efit: 3","fit: 6, efit: 3",,,,0,0,0,0,2,,
2026-04-03 11:20:48,54,19,19,0,fit: 2,fit: 2,,,,0,0,0,0,2,,
2026-04-03 14:06:27,54,19,19,0,"fit: 2, efit: 1","fit: 2, efit: 1",,,,0,0,0,0,2,,
2026-04-03 17:47:14,54,19,19,0,"fit: 4, efit: 1","fit: 4, efit: 1",,,,0,0,0,0,2,,
2026-04-03 17:48:22,54,19,19,0,"fit: 5, efit: 2","fit: 5, efit: 2",,,,0,0,0,0,2,,
2026-04-04 00:01:13,54,19,19,0,"fit: 5, efit: 2","fit: 5, efit: 2",,,,0,0,0,0,2,,
2026-04-04 10:32:46,54,19,19,0,"fit: 5, efit: 3","fit: 5, efit: 3",,,,0,0,0,0,2,,
2026-04-04 11:36:51,54,19,19,0,"fit: 4, efit: 2","fit: 4, efit: 2",,,,0,0,0,0,2,,
2026-04-04 16:26:32,54,19,19,0,"fit: 5, efit: 3","fit: 5, efit: 3",,,,0,0,0,0,2,,
2026-04-04 16:57:55,54,19,19,0,"fit: 5, efit: 4","fit: 5, efit: 4",,,,0,0,0,0,2,,
2026-04-04 16:58:46,54,19,19,0,"fit: 5, efit: 3","fit: 5, efit: 3",,,,0,0,0,0,2,,
2026-04-04 17:06:40,54,19,19,0,"fit: 5, efit: 5","fit: 5, efit: 5",,,,0,0,0,0,2,,
2026-04-04 17:26:44,54,19,19,0,"fit: 4, efit: 5","fit: 4, efit: 5",,,,0,0,0,0,2,,
2026-04-04 17:28:01,54,19,19,0,"fit: 5, efit: 4","fit: 5, efit: 4",,,,0,0,0,0,2,,
2026-04-04 18:13:10,54,19,19,0,"fit: 5, efit: 2","fit: 5, efit: 2",,,,0,0,0,0,2,,
2026-04-04 18:23:59,54,19,19,0,"fit: 5, efit: 1","fit: 5, efit: 1",,,,0,0,0,0,2,,
2026-04-04 20:17:16,54,19,19,0,"fit: 6, efit: 1","fit: 6, efit: 1",,,,0,0,0,0,2,,
2026-04-05 00:02:58,54,19,19,0,"fit: 6, efit: 1","fit: 6, efit: 1",,,,0,0,0,0,2,,
2026-04-05 16:10:54,54,19,19,0,"fit: 5, efit: 1","fit: 5, efit: 1",,,,0,0,0,0,2,,
2026-04-06 00:02:21,54,19,19,0,"fit: 5, efit: 1","fit: 5, efit: 1",,,,0,0,0,0,2,,
2026-04-06 07:03:38,54,19,19,0,"fit: 5, efit: 1",fit: 5,,,,0,0,0,0,2,,
2026-04-06 11:54:38,54,19,19,0,"fit: 5, efit: 2",fit: 5,,,,0,0,0,0,2,,
2026-04-06 13:05:20,54,19,19,0,"fit: 5, efit: 3","fit: 5, efit: 1",,,,0,0,0,0,2,,
2026-04-06 13:50:02,54,19,19,0,"fit: 5, efit: 4","fit: 5, efit: 2",,,,0,0,0,0,2,,
2026-04-06 13:51:31,54,19,19,0,"fit: 5, efit: 3","fit: 5, efit: 1",,,,0,0,0,0,2,,
2026-04-06 18:20:57,54,19,19,0,"fit: 5, efit: 2",fit: 5,,,,0,0,0,0,2,,
2026-04-06 18:30:59,54,19,19,0,"fit: 4, efit: 2",fit: 4,,,,0,0,0,0,2,,
2026-04-06 20:37:55,54,19,19,0,"fit: 4, efit: 3","fit: 4, efit: 1",,,,0,0,0,0,2,,
2026-04-07 00:02:04,54,19,19,0,"fit: 4, efit: 3","fit: 4, efit: 1",,,,0,0,0,0,2,,
2026-04-07 04:29:25,54,19,19,0,"fit: 4, efit: 3","fit: 4, efit: 1",efit: 1,,,0,0,0,0,2,,
2026-04-07 07:30:01,54,19,19,0,"fit: 4, efit: 2",fit: 4,efit: 1,,,0,0,0,0,2,,
2026-04-07 11:15:48,54,19,19,0,"fit: 4, efit: 3","fit: 4, efit: 1",efit: 1,,,0,0,0,0,2,,
2026-04-07 11:18:48,54,19,19,0,"fit: 4, efit: 2",fit: 4,efit: 1,,,0,0,0,0,2,,
2026-04-07 11:20:49,54,19,19,0,"fit: 4, efit: 1",fit: 4,,,,0,0,0,0,2,,
2026-04-07 11:23:48,54,19,19,0,"fit: 4, efit: 2","fit: 4, efit: 1",,,,0,0,0,0,2,,
2026-04-07 12:08:56,54,19,19,0,"fit: 4, efit: 2","fit: 4, efit: 1",efit: 1,,,0,0,0,0,2,,
2026-04-07 13:41:18,54,19,19,0,"fit: 4, efit: 3","fit: 4, efit: 2",efit: 1,,,0,0,0,0,2,,
2026-04-07 13:44:11,54,19,19,0,"fit: 4, efit: 2","fit: 4, efit: 1",efit: 1,,,0,0,0,0,2,,
2026-04-07 14:11:24,54,19,19,0,"fit: 4, efit: 1","fit: 4, efit: 1",,,,0,0,0,0,2,,
2026-04-07 14:14:16,54,19,19,0,"fit: 4, efit: 2","fit: 4, efit: 2",,,,0,0,0,0,2,,
2026-04-08 00:00:50,54,19,19,0,"fit: 4, efit: 2","fit: 4, efit: 2",,,,0,0,0,0,2,,
2026-04-08 13:46:12,54,19,19,0,"fit: 4, efit: 3","fit: 4, efit: 3",,,,0,0,0,0,2,,
2026-04-08 17:03:34,54,19,19,0,"fit: 6, efit: 3","fit: 6, efit: 3",,,,0,0,0,0,2,,
2026-04-08 17:05:00,54,19,19,0,"fit: 6, efit: 2","fit: 6, efit: 2",,,,0,0,0,0,2,,
2026-04-08 18:28:48,54,19,19,0,"fit: 6, efit: 1","fit: 6, efit: 1",,,,0,0,0,0,2,,
2026-04-08 19:17:21,54,19,19,0,fit: 6,fit: 6,,,,0,0,0,0,2,,
2026-04-08 22:04:23,54,19,19,0,"fit: 6, efit: 1","fit: 6, efit: 1",,,,0,0,0,0,2,,
2026-04-09 00:01:24,54,19,19,0,"fit: 6, efit: 1","fit: 6, efit: 1",,,,0,0,0,0,2,,
2026-04-09 11:38:40,54,19,19,0,"fit: 8, efit: 1","fit: 8, efit: 1",,,,0,0,0,0,2,,
2026-04-09 12:08:46,54,19,19,0,"fit: 8, efit: 2","fit: 8, efit: 2",,,,0,0,0,0,2,,
2026-04-09 12:38:53,54,19,19,0,fit: 7,fit: 7,,,,0,0,0,0,2,,
2026-04-09 15:29:27,54,19,19,0,fit: 6,fit: 6,,,,0,0,0,0,2,,
2026-04-09 18:15:02,54,19,19,0,"fit: 6, efit: 1","fit: 6, efit: 1",,,,0,0,0,0,2,,
2026-04-09 18:57:12,54,19,19,0,"fit: 6, efit: 2","fit: 6, efit: 2",,,,0,0,0,0,2,,
2026-04-09 19:37:20,54,19,19,0,"fit: 6, efit: 1","fit: 6, efit: 1",,,,0,0,0,0,2,,
2026-04-10 00:01:10,54,19,19,0,"fit: 6, efit: 1","fit: 6, efit: 1",,,,0,0,0,0,2,,
2026-04-10 04:52:04,54,19,19,0,"fit: 6, efit: 1",fit: 6,,,,0,0,0,0,2,,
2026-04-10 07:32:35,54,19,19,0,"fit: 6, efit: 2","fit: 6, efit: 1",,,,0,0,0,0,2,,
2026-04-10 11:40:19,54,19,19,0,"fit: 4, efit: 2","fit: 4, efit: 1",,,,0,0,0,0,2,,
2026-04-10 14:08:56,54,19,19,0,"fit: 4, efit: 1",fit: 4,,,,0,0,0,0,2,,
2026-04-10 15:14:09,54,19,19,0,"fit: 4, efit: 2","fit: 4, efit: 1",,,,0,0,0,0,2,,
2026-04-10 17:09:32,54,19,19,0,"fit: 4, efit: 3","fit: 4, efit: 2",,,,0,0,0,0,2,,
2026-04-11 00:00:53,54,19,19,0,"fit: 4, efit: 3","fit: 4, efit: 2",,,,0,0,0,0,2,,
2026-04-11 11:00:11,54,19,19,0,"fit: 4, efit: 4","fit: 4, efit: 3",,,,0,0,0,0,2,,
2026-04-11 14:46:01,54,19,19,0,"fit: 4, efit: 3","fit: 4, efit: 2",,,,0,0,0,0,2,,
2026-04-11 19:01:55,54,19,19,0,"fit: 4, efit: 2","fit: 4, efit: 1",,,,0,0,0,0,2,,
2026-04-11 20:32:15,54,19,19,0,"fit: 4, efit: 1",fit: 4,,,,0,0,0,0,2,,
2026-04-11 20:35:00,54,19,19,0,"fit: 4, efit: 2","fit: 4, efit: 1",,,,0,0,0,0,2,,
2026-04-12 00:00:41,54,19,19,0,"fit: 4, efit: 2","fit: 4, efit: 1",,,,0,0,0,0,2,,
2026-04-12 03:43:44,54,19,19,0,"fit: 4, efit: 2","fit: 4, efit: 1",efit: 1,,,0,0,0,0,2,,
2026-04-12 10:05:03,54,19,19,0,"fit: 5, efit: 2","fit: 5, efit: 1",efit: 1,,,0,0,0,0,2,,
2026-04-12 10:42:48,54,19,19,0,"fit: 5, efit: 1",fit: 5,efit: 1,,,0,0,0,0,2,,
2026-04-12 11:00:14,54,19,19,0,"fit: 5, efit: 2","fit: 5, efit: 1",efit: 1,,,0,0,0,0,2,,
2026-04-12 11:07:53,54,19,19,0,"fit: 5, efit: 4","fit: 5, efit: 3",efit: 1,,,0,0,0,0,2,,
2026-04-12 11:53:03,54,19,19,0,"fit: 5, efit: 5","fit: 5, efit: 4",efit: 1,,,0,0,0,0,2,,
2026-04-12 11:58:04,54,19,19,0,"fit: 5, efit: 4","fit: 5, efit: 3",efit: 1,,,0,0,0,0,2,,
2026-04-12 12:23:09,54,19,19,0,"fit: 5, efit: 5","fit: 5, efit: 4",efit: 1,,,0,0,0,0,2,,
2026-04-12 12:33:10,54,19,19,0,"fit: 5, efit: 4","fit: 5, efit: 3",efit: 1,,,0,0,0,0,2,,
2026-04-12 12:35:34,54,19,19,0,"fit: 5, efit: 3","fit: 5, efit: 2",efit: 1,,,0,0,0,0,2,,
2026-04-12 13:18:20,54,19,19,0,"fit: 5, efit: 2","fit: 5, efit: 1",efit: 1,,,0,0,0,0,2,,
2026-04-12 14:43:29,54,19,19,0,"fit: 5, efit: 1",fit: 5,efit: 1,,,0,0,0,0,2,,
2026-04-12 15:01:05,54,19,19,0,"fit: 4, efit: 1",fit: 4,efit: 1,,,0,0,0,0,2,,
2026-04-12 15:21:09,54,19,19,0,"fit: 4, efit: 2","fit: 4, efit: 1",efit: 1,,,0,0,0,0,2,,
2026-04-12 17:06:32,54,19,19,0,"fit: 5, efit: 2","fit: 5, efit: 1",efit: 1,,,0,0,0,0,2,,
2026-04-12 18:21:48,54,19,19,0,"fit: 3, efit: 2","fit: 3, efit: 1",efit: 1,,,0,0,0,0,2,,
2026-04-13 00:00:02,54,19,19,0,"fit: 3, efit: 2","fit: 3, efit: 1",efit: 1,,,0,0,0,0,2,,
2026-04-13 11:55:28,54,19,19,0,"fit: 3, efit: 3","fit: 3, efit: 2",efit: 1,,,0,0,0,0,2,,
2026-04-13 12:00:29,54,19,19,0,"fit: 3, efit: 2","fit: 3, efit: 1",efit: 1,,,0,0,0,0,2,,
2026-04-13 12:50:40,54,19,19,0,"fit: 3, efit: 1",fit: 3,efit: 1,,,0,0,0,0,2,,
2026-04-13 13:08:02,54,19,19,0,"fit: 3, efit: 2","fit: 3, efit: 1",efit: 1,,,0,0,0,0,2,,
2026-04-13 13:10:45,54,19,19,0,"fit: 3, efit: 1",fit: 3,efit: 1,,,0,0,0,0,2,,
2026-04-13 13:37:18,54,19,19,0,"fit: 3, efit: 2","fit: 3, efit: 1",efit: 1,,,0,0,0,0,2,,
2026-04-13 15:11:11,54,19,19,0,"fit: 3, efit: 2","fit: 3, efit: 2",,,,0,0,0,0,2,,
2026-04-13 15:36:17,54,19,19,0,"fit: 3, efit: 3","fit: 3, efit: 3",,,,0,0,0,0,2,,
2026-04-13 15:37:38,54,19,19,0,"fit: 3, efit: 2","fit: 3, efit: 2",,,,0,0,0,0,2,,
2026-04-13 17:42:59,54,19,19,0,"fit: 3, efit: 1","fit: 3, efit: 1",,,,0,0,0,0,2,,
2026-04-13 18:36:56,54,19,19,0,"fit: 3, efit: 2","fit: 3, efit: 2",,,,0,0,0,0,2,,
2026-04-13 19:12:04,54,19,19,0,"fit: 3, efit: 1","fit: 3, efit: 1",,,,0,0,0,0,2,,
2026-04-14 00:00:15,54,19,19,0,"fit: 3, efit: 1","fit: 3, efit: 1",,,,0,0,0,0,2,,
2026-04-14 10:05:07,54,19,19,0,"fit: 3, efit: 2","fit: 3, efit: 2",,,,0,0,0,0,2,,
2026-04-14 11:22:29,54,19,19,0,"fit: 3, efit: 1","fit: 3, efit: 1",,,,0,0,0,0,2,,
2026-04-15 00:00:03,54,19,19,0,"fit: 3, efit: 1","fit: 3, efit: 1",,,,0,0,0,0,2,,
2026-04-15 11:55:26,54,19,19,0,fit: 3,fit: 3,,,,0,0,0,0,2,,
2026-04-15 18:05:50,54,19,19,0,fit: 2,fit: 2,,,,0,0,0,0,2,,
2026-04-15 18:06:44,54,19,19,0,fit: 3,fit: 3,,,,0,0,0,0,2,,
2026-04-15 18:11:45,54,19,19,0,fit: 2,fit: 2,,,,0,0,0,0,2,,
2026-04-15 18:38:49,54,19,19,0,fit: 3,fit: 3,,,,0,0,0,0,2,,
2026-04-15 20:09:07,54,19,19,0,fit: 2,fit: 2,,,,0,0,0,0,2,,
2026-04-15 20:54:16,54,19,19,0,fit: 3,fit: 3,,,,0,0,0,0,2,,
2026-04-16 00:01:48,54,19,19,0,fit: 3,fit: 3,,,,0,0,0,0,2,,
2026-04-16 06:54:18,54,19,19,0,fit: 2,fit: 2,,,,0,0,0,0,2,,
2026-04-16 06:56:12,54,19,19,0,fit: 3,fit: 3,,,,0,0,0,0,2,,
2026-04-16 06:57:53,54,19,19,0,fit: 2,fit: 2,,,,0,0,0,0,2,,
2026-04-16 07:36:20,54,19,19,0,"fit: 2, efit: 1","fit: 2, efit: 1",,,,0,0,0,0,2,,
2026-04-16 09:46:46,54,19,19,0,"fit: 1, efit: 1","fit: 1, efit: 1",,,,0,0,0,0,2,,
2026-04-16 09:48:20,54,19,19,0,"fit: 2, efit: 1","fit: 2, efit: 1",,,,0,0,0,0,2,,
2026-04-16 11:57:13,54,19,19,0,"fit: 2, efit: 2","fit: 2, efit: 2",,,,0,0,0,0,2,,
2026-04-16 11:58:41,54,19,19,0,"fit: 2, efit: 1","fit: 2, efit: 1",,,,0,0,0,0,2,,
2026-04-16 12:55:33,54,19,19,0,"fit: 2, efit: 2","fit: 2, efit: 2",,,,0,0,0,0,2,,
2026-04-16 12:57:25,54,19,19,0,"fit: 2, efit: 1","fit: 2, efit: 1",,,,0,0,0,0,2,,
2026-04-16 13:08:54,54,19,19,0,"fit: 2, efit: 2","fit: 2, efit: 2",,,,0,0,0,0,2,,
2026-04-16 13:10:36,54,19,19,0,"fit: 2, efit: 1","fit: 2, efit: 1",,,,0,0,0,0,2,,
2026-04-16 14:40:55,54,19,19,0,"fit: 2, efit: 2","fit: 2, efit: 2",,,,0,0,0,0,2,,
2026-04-16 16:29:26,54,19,19,0,"fit: 2, efit: 1","fit: 2, efit: 1",,,,0,0,0,0,2,,
2026-04-16 17:36:32,54,19,19,0,"fit: 2, efit: 2","fit: 2, efit: 2",,,,0,0,0,0,2,,
2026-04-16 19:46:59,54,19,19,0,"fit: 2, efit: 1","fit: 2, efit: 1",,,,0,0,0,0,2,,
2026-04-16 20:59:02,54,19,19,0,"fit: 2, efit: 2","fit: 2, efit: 2",,,,0,0,0,0,2,,
2026-04-17 00:00:40,54,19,19,0,"fit: 2, efit: 2","fit: 2, efit: 2",,,,0,0,0,0,2,,
2026-04-17 13:46:03,54,19,19,0,"fit: 3, efit: 2","fit: 3, efit: 2",,,,0,0,0,0,2,,
2026-04-17 14:16:08,54,19,19,0,"fit: 3, efit: 1","fit: 3, efit: 1",,,,0,0,0,0,2,,
2026-04-17 14:37:13,54,19,19,0,"fit: 3, efit: 2","fit: 3, efit: 2",,,,0,0,0,0,2,,
2026-04-17 17:51:45,54,19,19,0,"fit: 3, efit: 1","fit: 3, efit: 1",,,,0,0,0,0,2,,
2026-04-17 19:16:59,54,19,19,0,fit: 3,fit: 3,,,,0,0,0,0,2,,
2026-04-17 19:17:37,54,19,19,0,fit: 2,fit: 2,,,,0,0,0,0,2,,
2026-04-17 19:42:04,54,19,19,0,"fit: 2, efit: 2","fit: 2, efit: 2",,,,0,0,0,0,2,,
2026-04-17 20:12:09,54,19,19,0,"fit: 2, efit: 4","fit: 2, efit: 4",,,,0,0,0,0,2,,
2026-04-17 20:27:11,54,19,19,0,"fit: 2, efit: 6","fit: 2, efit: 6",,,,0,0,0,0,2,,
2026-04-17 21:52:25,54,19,19,0,"fit: 2, efit: 7","fit: 2, efit: 7",,,,0,0,0,0,2,,
2026-04-17 22:17:29,54,19,19,0,"fit: 2, efit: 9","fit: 2, efit: 8",,,,0,0,0,0,2,,
2026-04-18 00:02:47,54,19,19,0,"fit: 2, efit: 9","fit: 2, efit: 8",,,,0,0,0,0,2,,
2026-04-18 00:27:51,54,19,19,0,"fit: 2, efit: 8","fit: 2, efit: 7",,,,0,0,0,0,2,,
2026-04-18 00:33:41,54,19,19,0,"fit: 2, efit: 7","fit: 2, efit: 6",,,,0,0,0,0,2,,
2026-04-18 00:37:52,54,19,19,0,"fit: 2, efit: 6","fit: 2, efit: 5",,,,0,0,0,0,2,,
2026-04-18 02:09:25,54,19,19,0,"fit: 2, efit: 8","fit: 2, efit: 7",,,,0,0,0,0,2,,
2026-04-18 02:13:07,54,19,19,0,"fit: 2, efit: 9","fit: 2, efit: 8",,,,0,0,0,0,2,,
2026-04-18 05:09:35,54,19,19,0,"fit: 2, efit: 10","fit: 2, efit: 9",,,,0,0,0,0,2,,
2026-04-18 05:09:57,54,19,19,0,"fit: 2, efit: 9","fit: 2, efit: 8",,,,0,0,0,0,2,,
2026-04-18 09:50:49,54,19,19,0,"fit: 2, efit: 10","fit: 2, efit: 9",,,,0,0,0,0,2,,
2026-04-18 10:05:52,54,19,19,0,"fit: 2, efit: 11","fit: 2, efit: 10",,,,0,0,0,0,2,,
2026-04-18 10:15:36,54,19,19,0,"fit: 2, efit: 11","fit: 2, efit: 9",,,,0,0,0,0,2,,
2026-04-18 10:30:40,54,19,19,0,"fit: 2, efit: 12","fit: 2, efit: 10",,,,0,0,0,0,2,,
2026-04-18 10:35:57,54,19,19,0,"fit: 2, efit: 11","fit: 2, efit: 9",,,,0,0,0,0,2,,
2026-04-18 12:14:41,54,19,19,0,"fit: 1, efit: 11","fit: 1, efit: 9",,,,0,0,0,0,2,,
2026-04-18 15:00:09,54,19,19,0,"fit: 2, efit: 11","fit: 2, efit: 9",,,,0,0,0,0,2,,
2026-04-18 15:40:15,54,19,19,0,"fit: 2, efit: 10","fit: 2, efit: 8",,,,0,0,0,0,2,,
2026-04-19 00:01:35,54,19,19,0,"fit: 2, efit: 10","fit: 2, efit: 8",,,,0,0,0,0,2,,
2026-04-19 04:47:19,54,19,19,0,"fit: 2, efit: 10","fit: 2, efit: 8",efit: 1,,,0,0,0,0,2,,
2026-04-19 10:33:12,54,19,19,0,"fit: 2, efit: 9","fit: 2, efit: 7",efit: 1,,,0,0,0,0,2,,
2026-04-19 11:15:35,54,19,19,0,"fit: 2, efit: 10","fit: 2, efit: 8",efit: 1,,,0,0,0,0,2,,
2026-04-19 13:13:38,54,19,19,0,"fit: 2, efit: 9","fit: 2, efit: 7",efit: 1,,,0,0,0,0,2,,
2026-04-19 13:53:44,54,19,19,0,"fit: 2, efit: 10","fit: 2, efit: 8",efit: 1,,,0,0,0,0,2,,
2026-04-20 00:00:20,54,19,19,0,"fit: 2, efit: 10","fit: 2, efit: 8",efit: 1,,,0,0,0,0,2,,
2026-04-20 07:34:44,54,19,19,0,"fit: 2, efit: 10","fit: 2, efit: 8",efit: 2,,,0,0,0,0,2,,
2026-04-20 11:50:39,54,19,19,0,"fit: 2, efit: 9","fit: 2, efit: 8",efit: 1,,,0,0,0,0,2,,
2026-04-20 11:52:13,54,19,19,0,"fit: 2, efit: 10","fit: 2, efit: 10",,,,0,0,0,0,2,,
2026-04-20 14:55:38,54,19,19,0,"fit: 2, efit: 10","fit: 2, efit: 9",,,,0,0,0,0,2,,
2026-04-20 15:45:48,54,19,19,0,"fit: 2, efit: 9","fit: 2, efit: 8",,,,0,0,0,0,2,,
2026-04-20 15:57:53,54,19,19,0,"fit: 2, efit: 9","fit: 2, efit: 7",,,,0,0,0,0,2,,
2026-04-20 16:10:53,54,19,19,0,"fit: 2, efit: 10","fit: 2, efit: 8",,,,0,0,0,0,2,,
2026-04-20 17:41:11,54,19,19,0,"fit: 2, efit: 9","fit: 2, efit: 7",,,,0,0,0,0,2,,
2026-04-20 19:36:33,54,19,19,0,"fit: 2, efit: 8","fit: 2, efit: 6",,,,0,0,0,0,2,,
2026-04-20 19:38:30,54,19,19,0,"fit: 2, efit: 7","fit: 2, efit: 5",,,,0,0,0,0,2,,
2026-04-20 20:06:38,54,19,19,0,"fit: 2, efit: 8","fit: 2, efit: 5",,,,0,0,0,0,2,,
2026-04-20 20:11:39,54,19,19,0,"fit: 2, efit: 9","fit: 2, efit: 6",,,,0,0,0,0,2,,
2026-04-20 20:22:26,54,19,19,0,"fit: 2, efit: 10","fit: 2, efit: 7",,,,0,0,0,0,2,,
2026-04-20 22:17:03,54,19,19,0,"fit: 2, efit: 12","fit: 2, efit: 9",,,,0,0,0,0,2,,
2026-04-21 00:02:22,54,19,19,0,"fit: 2, efit: 12","fit: 2, efit: 9",,,,0,0,0,0,2,,
2026-04-21 10:30:17,54,19,19,0,"fit: 2, efit: 13","fit: 2, efit: 10",,,,0,0,0,0,2,,
2026-04-21 12:19:39,54,19,19,0,"fit: 3, efit: 12","fit: 3, efit: 9",,,,0,0,0,0,2,,
2026-04-21 12:30:42,54,19,19,0,"fit: 3, efit: 13","fit: 3, efit: 10",,,,0,0,0,0,2,,
2026-04-21 12:31:11,54,19,19,0,"fit: 3, efit: 13","fit: 3, efit: 9",,,,0,0,0,0,2,,
2026-04-21 12:34:42,54,19,19,0,"fit: 3, efit: 12","fit: 3, efit: 8",,,,0,0,0,0,2,,
2026-04-21 14:30:05,54,19,19,0,"fit: 3, efit: 11","fit: 3, efit: 7",,,,0,0,0,0,2,,
2026-04-21 14:41:10,54,19,19,0,"fit: 3, efit: 10","fit: 3, efit: 7",,,,0,0,0,0,2,,
2026-04-21 14:45:08,54,19,19,0,"fit: 3, efit: 11","fit: 3, efit: 11",,,,0,0,0,0,2,,
2026-04-21 14:51:12,54,19,19,0,"fit: 3, efit: 12","fit: 3, efit: 12",,,,0,0,0,0,2,,
2026-04-21 15:06:15,54,19,19,0,"fit: 3, efit: 13","fit: 3, efit: 13",,,,0,0,0,0,2,,
2026-04-21 16:21:31,54,19,19,0,"fit: 3, efit: 15","fit: 3, efit: 15",,,,0,0,0,0,2,,
2026-04-21 16:30:29,54,19,19,0,"fit: 3, efit: 14","fit: 3, efit: 14",,,,0,0,0,0,2,,
2026-04-21 17:35:42,54,19,19,0,"fit: 3, efit: 13","fit: 3, efit: 13",,,,0,0,0,0,2,,
2026-04-21 17:55:46,54,19,19,0,"fit: 2, efit: 13","fit: 2, efit: 13",,,,0,0,0,0,2,,
2026-04-21 18:50:57,54,19,19,0,"fit: 3, efit: 13","fit: 3, efit: 13",,,,0,0,0,0,2,,
2026-04-21 19:26:05,54,19,19,0,"fit: 3, efit: 14","fit: 3, efit: 14",,,,0,0,0,0,2,,
2026-04-21 21:02:30,54,19,19,0,"fit: 3, efit: 13","fit: 3, efit: 13",,,,0,0,0,0,2,,
2026-04-21 22:46:43,54,19,19,0,"fit: 3, efit: 13","fit: 3, efit: 12",,,,0,0,0,0,2,,
2026-04-22 00:01:57,54,19,19,0,"fit: 3, efit: 13","fit: 3, efit: 12",,,,0,0,0,0,2,,
2026-04-22 09:03:37,54,19,19,0,"fit: 3, efit: 12","fit: 3, efit: 11",,,,0,0,0,0,2,,
2026-04-22 11:24:47,54,19,19,0,"fit: 3, efit: 11","fit: 3, efit: 10",,,,0,0,0,0,2,,
2026-04-22 11:39:11,54,19,19,0,"fit: 3, efit: 12","fit: 3, efit: 11",,,,0,0,0,0,2,,
2026-04-22 12:39:22,54,19,19,0,"fit: 3, efit: 11","fit: 3, efit: 10",,,,0,0,0,0,2,,
2026-04-22 13:24:31,54,19,19,0,"fit: 3, efit: 12","fit: 3, efit: 11",,,,0,0,0,0,2,,
2026-04-22 13:25:07,54,19,19,0,"fit: 3, efit: 11","fit: 3, efit: 10",,,,0,0,0,0,2,,
2026-04-22 15:20:03,54,19,19,0,"fit: 3, efit: 12","fit: 3, efit: 11",,,,0,0,0,0,2,,
2026-04-22 17:55:27,54,19,19,0,"fit: 3, efit: 12","fit: 3, efit: 10",,,,0,0,0,0,2,,
2026-04-22 19:31:39,54,19,19,0,"fit: 3, efit: 11","fit: 3, efit: 9",,,,0,0,0,0,2,,
2026-04-22 20:30:52,54,19,19,0,"fit: 3, efit: 11","fit: 3, efit: 8",,,,0,0,0,0,2,,
2026-04-23 00:01:24,54,19,19,0,"fit: 3, efit: 11","fit: 3, efit: 8",,,,0,0,0,0,2,,
2026-04-23 00:21:27,54,19,19,0,"fit: 3, efit: 11","fit: 3, efit: 7",,,,0,0,0,0,2,,
2026-04-23 03:08:05,54,19,19,0,"fit: 4, efit: 11","fit: 4, efit: 7",,,,0,0,0,0,2,,
2026-04-23 03:11:51,54,19,19,0,"fit: 4, efit: 10","fit: 4, efit: 6",,,,0,0,0,0,2,,
2026-04-23 07:03:18,54,19,19,0,"fit: 4, efit: 11","fit: 4, efit: 7",,,,0,0,0,0,2,,
2026-04-23 08:47:38,54,19,19,0,"fit: 4, efit: 10","fit: 4, efit: 6",,,,0,0,0,0,2,,
2026-04-23 08:52:39,54,19,19,0,"fit: 4, efit: 11","fit: 4, efit: 8",,,,0,0,0,0,2,,
2026-04-23 08:53:40,54,19,19,0,"fit: 4, efit: 11","fit: 4, efit: 9",,,,0,0,0,0,2,,
2026-04-23 08:54:09,54,19,19,0,"fit: 4, efit: 10","fit: 4, efit: 9",,,,0,0,0,0,2,,
2026-04-23 08:57:40,54,19,19,0,"fit: 4, efit: 10","fit: 4, efit: 10",,,,0,0,0,0,2,,
2026-04-23 08:58:41,54,19,19,0,"fit: 4, efit: 11","fit: 4, efit: 11",,,,0,0,0,0,2,,
2026-04-23 09:22:43,54,19,19,0,"fit: 4, efit: 9","fit: 4, efit: 9",,,,0,0,0,0,2,,
2026-04-23 09:52:48,54,19,19,0,"fit: 4, efit: 7","fit: 4, efit: 7",,,,0,0,0,0,2,,
2026-04-23 10:07:50,54,19,19,0,"fit: 4, efit: 8","fit: 4, efit: 8",,,,0,0,0,0,2,,
2026-04-23 10:47:56,54,19,19,0,"fit: 4, efit: 9","fit: 4, efit: 9",,,,0,0,0,0,2,,
2026-04-23 13:04:33,54,19,19,0,"fit: 4, efit: 10","fit: 4, efit: 10",,,,0,0,0,0,2,,
2026-04-23 14:08:26,54,19,19,0,"fit: 4, efit: 10","fit: 4, efit: 9",,,,0,0,0,0,2,,
2026-04-23 16:13:45,54,19,19,0,"fit: 4, efit: 9","fit: 4, efit: 8",,,,0,0,0,0,2,,
2026-04-23 16:33:49,54,19,19,0,"fit: 4, efit: 10","fit: 4, efit: 9",,,,0,0,0,0,2,,
2026-04-23 16:38:49,54,19,19,0,"fit: 4, efit: 9","fit: 4, efit: 8",,,,0,0,0,0,2,,
2026-04-23 16:48:51,54,19,19,0,"fit: 4, efit: 10","fit: 4, efit: 9",,,,0,0,0,0,2,,
2026-04-23 17:55:55,54,19,19,0,"fit: 4, efit: 9","fit: 4, efit: 8",,,,0,0,0,0,2,,
2026-04-23 18:40:48,54,19,19,0,"fit: 6, efit: 9","fit: 6, efit: 8",,,,0,0,0,0,2,,
2026-04-23 18:44:11,54,19,19,0,"fit: 6, efit: 9","fit: 6, efit: 7",,,,0,0,0,0,2,,
2026-04-23 19:20:57,54,19,19,0,"fit: 8, efit: 9","fit: 8, efit: 7",,,,0,0,0,0,2,,
2026-04-23 19:21:14,54,19,19,0,"fit: 8, efit: 10","fit: 8, efit: 8",,,,0,0,0,0,2,,
2026-04-23 19:44:21,54,19,19,0,"fit: 8, efit: 11","fit: 8, efit: 9",,,,0,0,0,0,2,,
2026-04-23 20:24:28,54,19,19,0,"fit: 8, efit: 10","fit: 8, efit: 8",,,,0,0,0,0,2,,
2026-04-23 20:54:33,54,19,19,0,"fit: 8, efit: 11","fit: 8, efit: 9",,,,0,0,0,0,2,,
2026-04-23 20:56:18,54,19,19,0,"fit: 8, efit: 10","fit: 8, efit: 8",,,,0,0,0,0,2,,
2026-04-23 20:59:34,54,19,19,0,"fit: 8, efit: 9","fit: 8, efit: 7",,,,0,0,0,0,2,,
2026-04-23 21:31:26,54,19,19,0,"fit: 8, efit: 8","fit: 8, efit: 6",,,,0,0,0,0,2,,
2026-04-23 21:44:41,54,19,19,0,"fit: 8, efit: 7","fit: 8, efit: 5",,,,0,0,0,0,2,,
2026-04-23 21:59:43,54,19,19,0,"fit: 9, efit: 7","fit: 9, efit: 5",,,,0,0,0,0,2,,
2026-04-23 22:01:45,54,19,19,0,"fit: 10, efit: 7","fit: 10, efit: 5",,,,0,0,0,0,2,,
2026-04-23 22:04:44,54,19,19,0,"fit: 15, efit: 2",fit: 15,,,,0,0,0,0,2,,
2026-04-23 22:06:34,54,19,19,0,"fit: 14, efit: 4","fit: 14, efit: 2",,,,0,0,0,0,2,,
2026-04-23 22:06:46,54,19,19,0,"fit: 14, efit: 3","fit: 14, efit: 1",,,,0,0,0,0,2,,
2026-04-23 22:09:44,54,19,19,0,"fit: 14, efit: 2",fit: 14,,,,0,0,0,0,2,,
2026-04-23 22:44:50,54,19,19,0,"fit: 12, efit: 2",fit: 12,,,,0,0,0,0,2,,
2026-04-23 22:49:50,54,19,19,0,"fit: 11, efit: 3","fit: 11, efit: 1",,,,0,0,0,0,2,,
2026-04-23 22:56:44,54,19,19,0,"fit: 11, efit: 2",fit: 11,,,,0,0,0,0,2,,
2026-04-23 23:14:54,54,19,19,0,"fit: 9, efit: 2",fit: 9,,,,0,0,0,0,2,,
2026-04-23 23:29:57,54,19,19,0,"fit: 11, efit: 2",fit: 11,,,,0,0,0,0,2,,
2026-04-23 23:34:57,54,19,19,0,"fit: 10, efit: 2",fit: 10,,,,0,0,0,0,2,,
2026-04-23 23:37:04,54,19,19,0,"fit: 8, efit: 2",fit: 8,,,,0,0,0,0,2,,
2026-04-23 23:39:58,54,19,19,0,"fit: 10, efit: 2",fit: 10,,,,0,0,0,0,2,,
2026-04-23 23:42:05,54,19,19,0,"fit: 9, efit: 2",fit: 9,,,,0,0,0,0,2,,
2026-04-23 23:44:59,54,19,19,0,"fit: 4, efit: 2",fit: 4,,,,0,0,0,0,2,,
2026-04-23 23:55:01,54,19,19,0,"fit: 4, efit: 3","fit: 4, efit: 1",,,,0,0,0,0,2,,
2026-04-23 23:56:57,54,19,19,0,"fit: 3, efit: 3","fit: 3, efit: 1",,,,0,0,0,0,2,,
2026-04-24 00:00:03,54,19,19,0,"fit: 1, efit: 3","fit: 1, efit: 1",,,,0,0,0,0,2,,
2026-04-24 00:05:04,54,19,19,0,"fit: 1, efit: 2",fit: 1,,,,0,0,0,0,2,,
2026-04-24 01:00:12,54,19,19,0,efit: 2,,,,,0,0,0,0,2,,
2026-04-24 06:36:01,54,19,19,0,"fit: 1, efit: 1","fit: 1, efit: 1",,,,0,0,0,0,2,,
2026-04-24 06:41:02,54,19,19,0,"fit: 1, efit: 1",fit: 1,efit: 1,,,0,0,0,0,2,,
2026-04-24 08:58:40,54,19,19,0,"fit: 3, efit: 1",fit: 3,efit: 1,,,0,0,0,0,2,,
2026-04-24 09:01:22,54,19,19,0,"fit: 5, efit: 1",fit: 5,efit: 1,,,0,0,0,0,2,,
2026-04-24 09:08:42,54,19,19,0,"fit: 4, efit: 1",fit: 4,efit: 1,,,0,0,0,0,2,,
2026-04-24 12:49:25,54,19,19,0,"fit: 3, efit: 1",fit: 3,efit: 1,,,0,0,0,0,2,,
2026-04-24 12:49:31,54,19,19,0,"fit: 2, efit: 1",fit: 2,efit: 1,,,0,0,0,0,2,,
2026-04-24 14:12:10,54,19,19,0,"fit: 1, efit: 1",fit: 1,efit: 1,,,0,0,0,0,2,,
2026-04-24 14:14:42,54,19,19,0,"fit: 2, efit: 1",fit: 2,efit: 1,,,0,0,0,0,2,,
2026-04-24 15:50:01,54,19,19,0,"fit: 1, efit: 1",fit: 1,efit: 1,,,0,0,0,0,2,,
2026-04-24 15:50:10,54,19,19,0,"fit: 2, efit: 1",fit: 2,efit: 1,,,0,0,0,0,2,,
2026-04-24 15:52:25,54,19,19,0,"fit: 1, efit: 1",fit: 1,efit: 1,,,0,0,0,0,2,,
2026-04-24 15:55:02,54,19,19,0,"fit: 1, efit: 1",fit: 1,,,,0,0,0,0,2,,
2026-04-24 16:17:29,54,19,19,0,"fit: 1, efit: 3","fit: 1, efit: 2",,,,0,0,0,0,2,,
2026-04-24 16:25:08,54,19,19,0,"fit: 1, efit: 1",fit: 1,,,,0,0,0,0,2,,
2026-04-24 16:30:09,54,19,19,0,"fit: 2, efit: 1",fit: 2,,,,0,0,0,0,2,,
2026-04-24 16:47:34,54,19,19,0,"fit: 2, efit: 1",fit: 2,efit: 1,,,0,0,0,0,2,,
2026-04-24 17:05:16,54,19,19,0,"fit: 2, efit: 2","fit: 2, efit: 1",efit: 1,,,0,0,0,0,2,,
2026-04-24 17:45:24,54,19,19,0,"fit: 1, efit: 2","fit: 1, efit: 1",efit: 1,,,0,0,0,0,2,,
2026-04-24 17:57:45,54,19,19,0,"fit: 1, efit: 1",fit: 1,efit: 1,,,0,0,0,0,2,,
2026-04-24 19:22:57,54,19,19,0,"fit: 1, efit: 2","fit: 1, efit: 1",efit: 1,,,0,0,0,0,2,,
2026-04-24 19:40:46,54,19,19,0,"fit: 1, efit: 3","fit: 1, efit: 2",efit: 1,,,0,0,0,0,2,,
2026-04-24 19:43:01,54,19,19,0,"fit: 1, efit: 2","fit: 1, efit: 1",efit: 1,,,0,0,0,0,2,,
2026-04-24 20:13:06,54,19,19,0,"fit: 1, efit: 3","fit: 1, efit: 1",efit: 1,,,0,0,0,0,2,,
2026-04-24 20:18:06,54,19,19,0,"fit: 1, efit: 2",fit: 1,efit: 1,,,0,0,0,0,2,,
2026-04-24 20:20:54,54,19,19,0,"fit: 1, efit: 5","fit: 1, efit: 3",efit: 1,,,0,0,0,0,2,,
2026-04-24 20:21:09,54,19,19,0,"fit: 1, efit: 5","fit: 1, efit: 2",efit: 1,,,0,0,0,0,2,,
2026-04-24 20:23:07,54,19,19,0,"fit: 1, efit: 3",fit: 1,efit: 1,,,0,0,0,0,2,,
2026-04-24 21:48:20,54,19,19,0,"fit: 1, efit: 4","fit: 1, efit: 1",efit: 1,,,0,0,0,0,2,,
2026-04-24 22:41:21,54,19,19,0,"fit: 1, efit: 4","fit: 1, efit: 1",,,,0,0,0,0,2,,
2026-04-24 22:51:22,54,19,19,0,"fit: 2, efit: 3",fit: 2,,,,0,0,0,0,2,,
2026-04-24 23:16:27,54,19,19,0,"fit: 2, efit: 3",fit: 2,efit: 1,,,0,0,0,0,2,,
2026-04-25 00:01:35,54,19,19,0,"fit: 2, efit: 3",fit: 2,efit: 1,,,0,0,0,0,2,,
2026-04-25 05:22:32,54,19,19,0,"fit: 2, efit: 3",fit: 2,efit: 2,,,0,0,0,0,2,,
2026-04-25 06:32:44,54,19,19,0,"fit: 2, efit: 5","fit: 2, efit: 1",efit: 2,,,0,0,0,0,2,,
2026-04-25 06:37:45,54,19,19,0,"fit: 2, efit: 7","fit: 2, efit: 4",,,,0,0,0,0,2,,
2026-04-25 06:39:34,54,19,19,0,"fit: 2, efit: 8","fit: 2, efit: 5",,,,0,0,0,0,2,,
2026-04-25 06:44:34,54,19,19,0,"fit: 2, efit: 7","fit: 2, efit: 5",,,,0,0,0,0,2,,
2026-04-25 06:47:47,54,19,19,0,"fit: 2, efit: 7","fit: 2, efit: 7",,,,0,0,0,0,2,,
2026-04-25 06:48:15,54,19,19,0,"fit: 2, efit: 8","fit: 2, efit: 8",,,,0,0,0,0,2,,
2026-04-25 09:58:54,54,19,19,0,"fit: 2, efit: 8","fit: 2, efit: 7",efit: 1,,,0,0,0,0,2,,
2026-04-25 13:25:32,54,19,19,0,"fit: 2, efit: 7","fit: 2, efit: 6",efit: 1,,,0,0,0,0,2,,
2026-04-25 15:55:54,54,19,19,0,"fit: 2, efit: 6","fit: 2, efit: 5",efit: 1,,,0,0,0,0,2,,
2026-04-25 16:00:55,54,19,19,0,"fit: 2, efit: 5","fit: 2, efit: 4",efit: 1,,,0,0,0,0,2,,
2026-04-25 16:40:18,54,19,19,0,"fit: 2, efit: 4","fit: 2, efit: 3",efit: 1,,,0,0,0,0,2,,
2026-04-25 16:44:38,54,19,19,0,"fit: 2, efit: 3","fit: 2, efit: 2",efit: 1,,,0,0,0,0,2,,
2026-04-25 17:14:44,54,19,19,0,"fit: 3, efit: 3","fit: 3, efit: 2",efit: 1,,,0,0,0,0,2,,
2026-04-25 17:29:47,54,19,19,0,"fit: 3, efit: 1",fit: 3,efit: 1,,,0,0,0,0,2,,
2026-04-25 17:36:10,54,19,19,0,"fit: 2, efit: 1",fit: 2,efit: 1,,,0,0,0,0,2,,
2026-04-25 18:09:54,54,19,19,0,"fit: 1, efit: 1",fit: 1,efit: 1,,,0,0,0,0,2,,
2026-04-25 19:05:49,54,19,19,0,efit: 1,,efit: 1,,,0,0,0,0,2,,
2026-04-26 00:01:01,54,19,19,0,efit: 1,,efit: 1,,,0,0,0,0,2,,
2026-04-26 08:47:36,54,19,19,0,efit: 2,efit: 1,efit: 1,,,0,0,0,0,2,,
2026-04-26 09:53:26,54,19,19,0,efit: 1,,efit: 1,,,0,0,0,0,2,,
2026-04-26 11:23:05,54,19,19,0,"fit: 2, efit: 1",fit: 2,efit: 1,,,0,0,0,0,2,,
2026-04-26 11:23:39,54,19,19,0,"fit: 3, efit: 1",fit: 3,efit: 1,,,0,0,0,0,2,,
2026-04-26 11:24:07,54,19,19,0,"fit: 4, efit: 1",fit: 4,efit: 1,,,0,0,0,0,2,,
2026-04-26 11:28:06,54,19,19,0,"fit: 6, efit: 1",fit: 6,efit: 1,,,0,0,0,0,2,,
2026-04-26 12:43:21,54,19,19,0,"fit: 7, efit: 2","fit: 7, efit: 1",efit: 1,,,0,0,0,0,2,,
2026-04-26 12:53:22,54,19,19,0,"fit: 7, efit: 1",fit: 7,efit: 1,,,0,0,0,0,2,,
2026-04-26 13:18:27,54,19,19,0,"fit: 7, efit: 2","fit: 7, efit: 1",efit: 1,,,0,0,0,0,2,,
2026-04-26 13:58:35,54,19,19,0,"fit: 7, efit: 3","fit: 7, efit: 2",efit: 1,,,0,0,0,0,2,,
2026-04-26 14:23:40,54,19,19,0,"fit: 6, efit: 2","fit: 6, efit: 1",efit: 1,,,0,0,0,0,2,,
2026-04-26 15:28:54,54,19,19,0,"fit: 6, efit: 1",fit: 6,efit: 1,,,0,0,0,0,2,,
2026-04-26 15:30:01,54,19,19,0,"fit: 6, efit: 2","fit: 6, efit: 1",efit: 1,,,0,0,0,0,2,,
2026-04-26 22:05:16,54,19,19,0,"fit: 6, efit: 3","fit: 6, efit: 2",efit: 1,,,0,0,0,0,2,,
2026-04-26 22:06:27,54,19,19,0,"fit: 6, efit: 4","fit: 6, efit: 3",efit: 1,,,0,0,0,0,2,,
2026-04-27 00:00:32,54,19,19,0,"fit: 6, efit: 4","fit: 6, efit: 3",efit: 1,,,0,0,0,0,2,,
2026-04-27 10:44:04,54,19,19,0,"fit: 6, efit: 3","fit: 6, efit: 2",efit: 1,,,0,0,0,0,2,,
2026-04-27 13:09:34,54,19,19,0,"fit: 5, efit: 3","fit: 5, efit: 2",efit: 1,,,0,0,0,0,2,,
2026-04-27 13:34:40,54,19,19,0,"fit: 5, efit: 4","fit: 5, efit: 3",efit: 1,,,0,0,0,0,2,,
2026-04-27 15:32:54,54,19,19,0,"fit: 5, efit: 3","fit: 5, efit: 3",,,,0,0,0,0,2,,
2026-04-27 15:50:11,54,19,19,0,"fit: 5, efit: 5","fit: 5, efit: 4",,,,0,0,0,0,2,,
2026-04-27 15:52:58,54,19,19,0,"fit: 5, efit: 3","fit: 5, efit: 2",,,,0,0,0,0,2,,
2026-04-27 17:48:18,54,19,19,0,"fit: 5, efit: 1",fit: 5,,,,0,0,0,0,2,,
2026-04-27 19:08:31,54,19,19,0,"fit: 4, efit: 1",fit: 4,,,,0,0,0,0,2,,
2026-04-27 19:28:34,54,19,19,0,"fit: 5, efit: 1",fit: 5,,,,0,0,0,0,2,,
2026-04-28 00:00:13,54,19,19,0,"fit: 5, efit: 1",fit: 5,,,,0,0,0,0,2,,
2026-04-28 06:10:08,54,19,19,0,"fit: 5, efit: 1","fit: 5, efit: 1",,,,0,0,0,0,2,,
2026-04-28 06:11:21,54,19,19,0,"fit: 5, efit: 1",fit: 5,,,,0,0,0,0,2,,
2026-04-28 09:50:41,54,19,19,0,"fit: 5, efit: 2","fit: 5, efit: 2",,,,0,0,0,0,2,,
2026-04-28 11:51:00,54,19,19,0,"fit: 4, efit: 2","fit: 4, efit: 2",,,,0,0,0,0,2,,
2026-04-28 12:04:25,54,19,19,0,"fit: 5, efit: 2","fit: 5, efit: 2",,,,0,0,0,0,2,,
2026-04-28 12:09:26,54,19,19,0,"fit: 3, efit: 2","fit: 3, efit: 2",,,,0,0,0,0,2,,
2026-04-28 12:11:03,54,19,19,0,"fit: 4, efit: 2","fit: 4, efit: 2",,,,0,0,0,0,2,,
2026-04-28 12:14:27,54,19,19,0,"fit: 5, efit: 2","fit: 5, efit: 2",,,,0,0,0,0,2,,
2026-04-28 12:31:06,54,19,19,0,"fit: 4, efit: 1","fit: 4, efit: 1",,,,0,0,0,0,2,,
2026-04-28 12:32:34,54,19,19,0,"fit: 4, efit: 2","fit: 4, efit: 2",,,,0,0,0,0,2,,
2026-04-28 12:36:07,54,19,19,0,"fit: 5, efit: 2","fit: 5, efit: 2",,,,0,0,0,0,2,,
2026-04-28 16:31:44,54,19,19,0,"fit: 5, efit: 1","fit: 5, efit: 1",,,,0,0,0,0,2,,
2026-04-28 17:53:38,54,19,19,0,"fit: 4, efit: 1","fit: 4, efit: 1",,,,0,0,0,0,2,,
2026-04-28 19:00:55,54,19,19,0,"fit: 5, efit: 1","fit: 5, efit: 1",,,,0,0,0,0,2,,
2026-04-28 20:31:14,54,19,19,0,"fit: 5, efit: 3","fit: 5, efit: 3",,,,0,0,0,0,2,,
2026-04-28 22:24:32,54,19,19,0,"fit: 5, efit: 2","fit: 5, efit: 2",,,,0,0,0,0,2,,
2026-04-28 22:52:42,54,19,19,0,"fit: 5, efit: 3","fit: 5, efit: 3",,,,0,0,0,0,2,,
2026-04-29 00:01:57,54,19,19,0,"fit: 5, efit: 3","fit: 5, efit: 3",,,,0,0,0,0,2,,
2026-04-30 00:01:21,54,19,19,0,"fit: 5, efit: 3","fit: 5, efit: 3",,,,0,0,0,0,2,,
2026-04-30 04:16:56,54,19,19,0,"fit: 6, efit: 2","fit: 6, efit: 2",,,,0,0,0,0,2,,
2026-04-30 18:30:33,54,19,19,0,"fit: 7, efit: 2","fit: 7, efit: 2",,,,0,0,0,0,2,,
2026-04-30 20:14:14,54,19,19,0,"fit: 6, efit: 2","fit: 6, efit: 2",,,,0,0,0,0,2,,
2026-04-30 20:46:02,54,19,19,0,"fit: 6, efit: 1","fit: 6, efit: 1",,,,0,0,0,0,2,,
2026-05-01 00:01:41,54,19,19,0,"fit: 6, efit: 1","fit: 6, efit: 1",,,,0,0,0,0,2,,
2026-05-01 09:25:55,54,19,19,0,"fit: 6, efit: 2","fit: 6, efit: 2",,,,0,0,0,0,2,,
2026-05-01 12:21:30,54,19,19,0,"fit: 5, efit: 2","fit: 5, efit: 2",,,,0,0,0,0,2,,
2026-05-01 13:59:30,54,19,19,0,"fit: 5, efit: 3","fit: 5, efit: 3",,,,0,0,0,0,2,,
2026-05-01 16:09:57,54,19,19,0,"fit: 5, efit: 3","fit: 5, efit: 2",,,,0,0,0,0,2,,
2026-05-01 17:12:24,54,19,19,0,"fit: 5, efit: 4","fit: 5, efit: 3",,,,0,0,0,0,2,,
2026-05-01 18:23:50,54,19,19,0,"fit: 5, efit: 3","fit: 5, efit: 2",,,,0,0,0,0,2,,
2026-05-01 19:18:35,54,19,19,0,"fit: 5, efit: 2","fit: 5, efit: 1",,,,0,0,0,0,2,,
2026-05-01 20:42:59,54,19,19,0,"fit: 5, efit: 4","fit: 5, efit: 3",,,,0,0,0,0,2,,
2026-05-02 00:03:31,54,19,19,0,"fit: 5, efit: 4","fit: 5, efit: 3",,,,0,0,0,0,2,,
2026-05-02 07:36:19,54,19,19,0,"fit: 5, efit: 5","fit: 5, efit: 4",,,,0,0,0,0,2,,
2026-05-02 12:30:30,54,19,19,0,"fit: 5, efit: 5","fit: 5, efit: 3",,,,0,0,0,0,2,,
2026-05-02 12:45:32,54,19,19,0,"fit: 5, efit: 6","fit: 5, efit: 4",,,,0,0,0,0,2,,
2026-05-02 12:47:03,54,19,19,0,"fit: 5, efit: 5","fit: 5, efit: 3",,,,0,0,0,0,2,,
2026-05-02 13:55:44,54,19,19,0,"fit: 5, efit: 6","fit: 5, efit: 4",,,,0,0,0,0,2,,
2026-05-02 14:05:46,54,19,19,0,"fit: 5, efit: 5","fit: 5, efit: 3",,,,0,0,0,0,2,,
2026-05-02 15:52:36,54,19,19,0,"fit: 5, efit: 4","fit: 5, efit: 2",,,,0,0,0,0,2,,
2026-05-02 17:17:54,54,19,19,0,"fit: 5, efit: 3","fit: 5, efit: 1",,,,0,0,0,0,2,,
2026-05-03 00:04:14,54,19,19,0,"fit: 5, efit: 3","fit: 5, efit: 1",,,,0,0,0,0,2,,
2026-05-03 06:40:41,54,19,19,0,"fit: 5, efit: 2",fit: 5,,,,0,0,0,0,2,,
2026-05-03 06:45:30,54,19,19,0,"fit: 4, efit: 2",fit: 4,,,,0,0,0,0,2,,
2026-05-03 06:50:31,54,19,19,0,"fit: 3, efit: 2",fit: 3,,,,0,0,0,0,2,,
2026-05-03 08:35:53,54,19,19,0,"fit: 3, efit: 3","fit: 3, efit: 1",,,,0,0,0,0,2,,
2026-05-03 10:41:19,54,19,19,0,"fit: 3, efit: 5","fit: 3, efit: 2",,,,0,0,0,0,2,,
2026-05-03 11:26:29,54,19,19,0,"fit: 3, efit: 4","fit: 3, efit: 1",,,,0,0,0,0,2,,
2026-05-03 12:11:39,54,19,19,0,"fit: 3, efit: 5","fit: 3, efit: 2",,,,0,0,0,0,2,,
2026-05-03 13:16:50,54,19,19,0,"fit: 4, efit: 4","fit: 4, efit: 1",,,,0,0,0,0,2,,
2026-05-03 13:56:53,54,19,19,0,"fit: 4, efit: 3",fit: 4,,,,0,0,0,0,2,,
2026-05-03 16:07:07,54,19,19,0,"fit: 4, efit: 4","fit: 4, efit: 1",,,,0,0,0,0,2,,
2026-05-03 16:27:11,54,19,19,0,"fit: 3, efit: 4","fit: 3, efit: 1",,,,0,0,0,0,2,,
2026-05-03 16:32:13,54,19,19,0,"fit: 3, efit: 4","fit: 3, efit: 1",efit: 1,,,0,0,0,0,2,,
2026-05-04 00:03:43,54,19,19,0,"fit: 3, efit: 4","fit: 3, efit: 1",efit: 1,,,0,0,0,0,2,,
2026-05-04 12:36:03,54,19,19,0,"fit: 3, efit: 4","fit: 3, efit: 1",efit: 2,,,0,0,0,0,2,,
2026-05-04 13:31:14,54,19,19,0,"fit: 3, efit: 5","fit: 3, efit: 2",efit: 2,,,0,0,0,0,2,,
2026-05-04 15:01:32,54,19,19,0,"fit: 3, efit: 8","fit: 3, efit: 5",efit: 2,,,0,0,0,0,2,,
2026-05-04 16:31:51,54,19,19,0,"fit: 3, efit: 7","fit: 3, efit: 4",efit: 2,,,0,0,0,0,2,,
2026-05-04 17:11:58,54,19,19,0,"fit: 3, efit: 8","fit: 3, efit: 5",efit: 2,,,0,0,0,0,2,,
2026-05-04 18:52:15,54,19,19,0,"fit: 3, efit: 7","fit: 3, efit: 4",efit: 2,,,0,0,0,0,2,,
2026-05-04 19:37:25,54,19,19,0,"fit: 3, efit: 8","fit: 3, efit: 5",efit: 2,,,0,0,0,0,2,,
2026-05-04 20:12:32,54,19,19,0,"fit: 3, efit: 7","fit: 3, efit: 4",efit: 2,,,0,0,0,0,2,,
2026-05-04 20:22:34,54,19,19,0,"fit: 3, efit: 7","fit: 3, efit: 4",efit: 3,,,0,0,0,0,2,,
2026-05-05 00:03:18,54,19,19,0,"fit: 3, efit: 7","fit: 3, efit: 4",efit: 3,,,0,0,0,0,2,,
2026-05-05 09:52:39,54,19,19,0,"fit: 3, efit: 6","fit: 3, efit: 4",efit: 2,,,0,0,0,0,2,,
2026-05-05 09:57:40,54,19,19,0,"fit: 3, efit: 7","fit: 3, efit: 7",,,,0,0,0,0,2,,
2026-05-05 18:44:22,54,19,19,0,"fit: 3, efit: 6","fit: 3, efit: 6",,,,0,0,0,0,2,,
2026-05-05 20:29:44,54,19,19,0,"fit: 3, efit: 5","fit: 3, efit: 5",,,,0,0,0,0,2,,
2026-05-05 22:05:03,54,19,19,0,"fit: 3, efit: 6","fit: 3, efit: 6",,,,0,0,0,0,2,,
2026-05-05 22:50:48,54,19,19,0,"fit: 3, efit: 6","fit: 3, efit: 5",,,,0,0,0,0,2,,
2026-05-05 23:00:14,54,19,19,0,"fit: 4, efit: 6","fit: 4, efit: 5",,,,0,0,0,0,2,,
2026-05-05 23:05:15,54,19,19,0,"fit: 4, efit: 5","fit: 4, efit: 4",,,,0,0,0,0,2,,
2026-05-06 00:00:25,54,19,19,0,"fit: 4, efit: 5","fit: 4, efit: 4",,,,0,0,0,0,2,,
2026-05-06 11:51:53,54,19,19,0,"fit: 4, efit: 5","fit: 3, efit: 4",fit: 1,,,0,0,0,0,2,,
2026-05-06 12:43:32,54,19,19,0,"fit: 4, efit: 4","fit: 3, efit: 3",fit: 1,,,0,0,0,0,2,,
2026-05-06 14:33:54,54,19,19,0,"fit: 3, efit: 3","fit: 3, efit: 3",,,,0,0,0,0,2,,
2026-05-06 14:58:59,54,19,19,0,"fit: 3, efit: 4","fit: 3, efit: 4",,,,0,0,0,0,2,,
2026-05-06 15:08:16,54,19,19,0,"fit: 3, efit: 3","fit: 3, efit: 3",,,,0,0,0,0,2,,
2026-05-06 18:40:47,54,19,19,0,"fit: 3, efit: 2","fit: 3, efit: 2",,,,0,0,0,0,2,,
2026-05-06 22:21:22,54,19,19,0,"fit: 3, efit: 2","fit: 3, efit: 1",,,,0,0,0,0,2,,
2026-05-06 22:26:23,54,19,19,0,"fit: 2, efit: 1",fit: 2,,,,0,0,0,0,2,,
2026-05-06 22:46:26,54,19,19,0,"fit: 2, efit: 2","fit: 2, efit: 1",,,,0,0,0,0,2,,
2026-05-06 22:56:28,54,19,19,0,"fit: 3, efit: 2","fit: 3, efit: 1",,,,0,0,0,0,2,,
2026-05-07 00:01:37,54,19,19,0,"fit: 3, efit: 2","fit: 3, efit: 1",,,,0,0,0,0,2,,
2026-05-07 03:47:11,54,19,19,0,"fit: 3, efit: 2",fit: 3,,,,0,0,0,0,2,,
2026-05-07 09:48:05,54,19,19,0,"fit: 3, efit: 3","fit: 3, efit: 3",,,,0,0,0,0,2,,
2026-05-07 18:14:21,54,19,19,0,"fit: 3, efit: 2","fit: 3, efit: 2",,,,0,0,0,0,2,,
2026-05-07 19:04:30,54,19,19,0,"fit: 2, efit: 2","fit: 2, efit: 2",,,,0,0,0,0,2,,
2026-05-07 19:29:34,54,19,19,0,"fit: 3, efit: 2","fit: 3, efit: 2",,,,0,0,0,0,2,,
2026-05-07 21:59:57,54,19,19,0,"fit: 3, efit: 3","fit: 3, efit: 3",,,,0,0,0,0,2,,
2026-05-08 00:00:17,54,19,19,0,"fit: 3, efit: 3","fit: 3, efit: 3",,,,0,0,0,0,2,,
2026-05-08 11:23:03,54,19,19,0,"fit: 3, efit: 4","fit: 3, efit: 4",,,,0,0,0,0,2,,
2026-05-08 13:25:01,54,19,19,0,"fit: 4, efit: 4","fit: 4, efit: 4",,,,0,0,0,0,2,,
2026-05-09 00:00:08,54,19,19,0,"fit: 4, efit: 4","fit: 4, efit: 4",,,,0,0,0,0,2,,
2026-05-09 13:11:53,54,19,19,0,"fit: 4, efit: 5","fit: 4, efit: 5",,,,0,0,0,0,2,,
2026-05-09 14:41:14,54,19,19,0,"fit: 3, efit: 5","fit: 3, efit: 5",,,,0,0,0,0,2,,
2026-05-09 15:26:25,54,19,19,0,"fit: 3, efit: 6","fit: 3, efit: 6",,,,0,0,0,0,2,,
2026-05-09 15:27:17,54,19,19,0,"fit: 4, efit: 6","fit: 4, efit: 6",,,,0,0,0,0,2,,
2026-05-09 15:31:26,54,19,19,0,"fit: 4, efit: 5","fit: 4, efit: 5",,,,0,0,0,0,2,,
2026-05-09 15:56:32,54,19,19,0,"fit: 4, efit: 4","fit: 4, efit: 4",,,,0,0,0,0,2,,
2026-05-09 16:47:31,54,19,19,0,"fit: 6, efit: 4","fit: 6, efit: 4",,,,0,0,0,0,2,,
2026-05-09 16:47:45,54,19,19,0,"fit: 7, efit: 4","fit: 7, efit: 4",,,,0,0,0,0,2,,
2026-05-09 18:22:08,54,19,19,0,"fit: 4, efit: 4","fit: 4, efit: 4",,,,0,0,0,0,2,,
2026-05-09 18:22:48,54,19,19,0,"fit: 6, efit: 3","fit: 6, efit: 3",,,,0,0,0,0,2,,
2026-05-09 18:23:01,54,19,19,0,"fit: 7, efit: 2","fit: 7, efit: 2",,,,0,0,0,0,2,,
2026-05-09 18:27:10,54,19,19,0,"fit: 7, efit: 1","fit: 7, efit: 1",,,,0,0,0,0,2,,
2026-05-09 19:17:22,54,19,19,0,"fit: 7, efit: 2","fit: 7, efit: 2",,,,0,0,0,0,2,,
2026-05-09 19:22:23,54,19,19,0,"fit: 7, efit: 1","fit: 7, efit: 1",,,,0,0,0,0,2,,
2026-05-09 20:17:36,54,19,19,0,"fit: 8, efit: 2","fit: 8, efit: 2",,,,0,0,0,0,2,,
2026-05-09 20:28:21,54,19,19,0,"fit: 8, efit: 3","fit: 8, efit: 2",,,,0,0,0,0,2,,
2026-05-09 21:32:55,54,19,19,0,"fit: 7, efit: 3","fit: 7, efit: 2",,,,0,0,0,0,2,,
2026-05-10 00:03:31,54,19,19,0,"fit: 7, efit: 3","fit: 7, efit: 2",,,,0,0,0,0,2,,
2026-05-10 01:03:45,54,19,19,0,"fit: 7, efit: 2","fit: 7, efit: 1",,,,0,0,0,0,2,,
2026-05-10 01:28:51,54,19,19,0,"fit: 7, efit: 5","fit: 7, efit: 4",,,,0,0,0,0,2,,
2026-05-10 01:33:52,54,19,19,0,"fit: 7, efit: 6","fit: 7, efit: 5",,,,0,0,0,0,2,,
2026-05-10 08:35:02,54,19,19,0,"fit: 7, efit: 7","fit: 7, efit: 6",,,,0,0,0,0,2,,
2026-05-10 10:05:14,54,19,19,0,"fit: 7, efit: 7","fit: 7, efit: 5",,,,0,0,0,0,2,,
2026-05-10 11:00:23,54,19,19,0,"fit: 7, efit: 9","fit: 7, efit: 7",,,,0,0,0,0,2,,
2026-05-10 11:15:26,54,19,19,0,"fit: 7, efit: 8","fit: 7, efit: 6",,,,0,0,0,0,2,,
2026-05-10 11:46:12,54,19,19,0,"fit: 7, efit: 7","fit: 7, efit: 5",,,,0,0,0,0,2,,
2026-05-10 11:50:32,54,19,19,0,"fit: 7, efit: 6","fit: 7, efit: 4",,,,0,0,0,0,2,,
2026-05-10 13:05:44,54,19,19,0,"fit: 6, efit: 6","fit: 6, efit: 4",,,,0,0,0,0,2,,
2026-05-10 13:31:38,54,19,19,0,"fit: 6, efit: 5","fit: 6, efit: 3",,,,0,0,0,0,2,,
2026-05-10 13:50:52,54,19,19,0,"fit: 6, efit: 6","fit: 6, efit: 4",,,,0,0,0,0,2,,
2026-05-10 14:11:48,54,19,19,0,"fit: 6, efit: 5","fit: 6, efit: 4",,,,0,0,0,0,2,,
2026-05-10 14:15:56,54,19,19,0,"fit: 6, efit: 6","fit: 6, efit: 6",,,,0,0,0,0,2,,
2026-05-10 14:20:56,54,19,19,0,"fit: 6, efit: 7","fit: 6, efit: 7",,,,0,0,0,0,2,,
2026-05-10 15:46:10,54,19,19,0,"fit: 5, efit: 7","fit: 5, efit: 7",,,,0,0,0,0,2,,
2026-05-10 16:06:14,54,19,19,0,"fit: 6, efit: 7","fit: 6, efit: 7",,,,0,0,0,0,2,,
2026-05-10 16:32:24,54,19,19,0,"fit: 7, efit: 7","fit: 7, efit: 7",,,,0,0,0,0,2,,
2026-05-10 16:42:26,54,19,19,0,"fit: 7, efit: 6","fit: 7, efit: 6",,,,0,0,0,0,2,,
2026-05-10 17:16:25,54,19,19,0,"fit: 6, efit: 6","fit: 6, efit: 6",,,,0,0,0,0,2,,
2026-05-10 17:26:27,54,19,19,0,"fit: 7, efit: 6","fit: 7, efit: 6",,,,0,0,0,0,2,,
2026-05-10 17:41:40,54,19,19,0,"fit: 7, efit: 7","fit: 7, efit: 7",,,,0,0,0,0,2,,
2026-05-10 18:01:33,54,19,19,0,"fit: 7, efit: 9","fit: 7, efit: 9",,,,0,0,0,0,2,,
2026-05-10 18:06:34,54,19,19,0,"fit: 7, efit: 7","fit: 7, efit: 7",,,,0,0,0,0,2,,
2026-05-10 20:16:55,54,19,19,0,"fit: 7, efit: 5","fit: 7, efit: 5",,,,0,0,0,0,2,,
2026-05-10 21:07:03,54,19,19,0,"fit: 7, efit: 7","fit: 7, efit: 7",,,,0,0,0,0,2,,
2026-05-11 00:02:30,54,19,19,0,"fit: 7, efit: 7","fit: 7, efit: 7",,,,0,0,0,0,2,,
2026-05-11 08:33:49,54,19,19,0,"fit: 7, efit: 6","fit: 7, efit: 6",,,,0,0,0,0,2,,
2026-05-11 12:24:27,54,19,19,0,"fit: 7, efit: 7","fit: 7, efit: 7",,,,0,0,0,0,2,,
2026-05-11 12:29:59,54,19,19,0,"fit: 7, efit: 6","fit: 7, efit: 6",,,,0,0,0,0,2,,
2026-05-11 12:37:21,54,19,19,0,"fit: 7, efit: 7","fit: 7, efit: 7",,,,0,0,0,0,2,,
2026-05-11 13:52:40,54,19,19,0,"fit: 8, efit: 7","fit: 8, efit: 7",,,,0,0,0,0,2,,
2026-05-11 13:54:41,54,19,19,0,"fit: 8, efit: 6","fit: 8, efit: 6",,,,0,0,0,0,2,,
2026-05-11 19:50:41,54,19,19,0,"fit: 8, efit: 4","fit: 8, efit: 4",,,,0,0,0,0,2,,
2026-05-11 20:34:14,54,19,19,0,"fit: 8, efit: 6","fit: 8, efit: 6",,,,0,0,0,0,2,,
2026-05-12 00:01:20,54,19,19,0,"fit: 8, efit: 6","fit: 8, efit: 6",,,,0,0,0,0,2,,
2026-05-12 07:52:32,54,19,19,0,"fit: 8, efit: 6","fit: 8, efit: 5",,,,0,0,0,0,2,,
2026-05-12 12:07:31,54,19,19,0,"fit: 9, efit: 6","fit: 9, efit: 5",,,,0,0,0,0,2,,
2026-05-12 12:44:10,54,19,19,0,"fit: 9, efit: 5","fit: 9, efit: 4",,,,0,0,0,0,2,,
2026-05-12 12:47:39,54,19,19,0,"fit: 9, efit: 6","fit: 9, efit: 5",,,,0,0,0,0,2,,
2026-05-12 14:10:06,54,19,19,0,"fit: 9, efit: 6","fit: 9, efit: 6",,,,0,0,0,0,2,,
2026-05-12 14:45:13,54,19,19,0,"fit: 9, efit: 6","fit: 9, efit: 5",,,,0,0,0,0,2,,
2026-05-12 16:23:59,54,19,19,0,"fit: 9, efit: 4","fit: 9, efit: 3",,,,0,0,0,0,2,,
2026-05-12 18:15:53,54,19,19,0,"fit: 9, efit: 2","fit: 9, efit: 1",,,,0,0,0,0,2,,
2026-05-12 18:45:57,54,19,19,0,"fit: 9, efit: 4","fit: 9, efit: 3",,,,0,0,0,0,2,,
2026-05-12 19:09:33,54,19,19,0,"fit: 9, efit: 3","fit: 9, efit: 2",,,,0,0,0,0,2,,
2026-05-12 22:45:15,54,19,19,0,"fit: 9, efit: 3","fit: 9, efit: 1",,,,0,0,0,0,2,,
2026-05-13 00:00:29,54,19,19,0,"fit: 9, efit: 3","fit: 9, efit: 1",,,,0,0,0,0,2,,
2026-05-13 09:18:24,54,19,19,0,"fit: 9, efit: 4","fit: 9, efit: 2",,,,0,0,0,0,2,,
2026-05-13 09:18:42,54,19,19,0,"fit: 9, efit: 3","fit: 9, efit: 1",,,,0,0,0,0,2,,
2026-05-13 09:43:28,54,19,19,0,"fit: 9, efit: 2","fit: 9, efit: 1",,,,0,0,0,0,2,,
2026-05-13 09:43:48,54,19,19,0,"fit: 9, efit: 1","fit: 9, efit: 1",,,,0,0,0,0,2,,
2026-05-13 09:47:21,54,19,19,0,"fit: 3, efit: 3","fit: 3, efit: 3",,,,0,0,0,0,2,,
2026-05-13 09:48:29,54,19,19,0,"fit: 2, efit: 3","fit: 2, efit: 3",,,,0,0,0,0,2,,
2026-05-13 11:28:46,54,19,19,0,"fit: 2, efit: 5","fit: 2, efit: 5",,,,0,0,0,0,2,,
2026-05-14 00:01:33,54,19,19,0,"fit: 2, efit: 5","fit: 2, efit: 5",,,,0,0,0,0,2,,
2026-05-14 07:52:56,54,19,19,0,"fit: 2, efit: 4","fit: 2, efit: 4",,,,0,0,0,0,2,,
2026-05-14 09:48:18,54,19,19,0,"fit: 2, efit: 5","fit: 2, efit: 5",,,,0,0,0,0,2,,
2026-05-14 15:09:16,54,19,19,0,"fit: 2, efit: 5","fit: 2, efit: 4",,,,0,0,0,0,2,,
2026-05-15 00:00:42,54,19,19,0,"fit: 2, efit: 5","fit: 2, efit: 4",,,,0,0,0,0,2,,
2026-05-15 11:22:30,54,19,19,0,"fit: 2, efit: 6","fit: 2, efit: 5",,,,0,0,0,0,2,,
2026-05-15 15:58:18,54,19,19,0,"fit: 2, efit: 8","fit: 2, efit: 7",,,,0,0,0,0,2,,
2026-05-15 16:38:25,54,19,19,0,"fit: 2, efit: 6","fit: 2, efit: 5",,,,0,0,0,0,2,,
2026-05-15 18:08:41,54,19,19,0,"fit: 2, efit: 7","fit: 2, efit: 6",,,,0,0,0,0,2,,
2026-05-15 22:37:10,54,19,19,0,"fit: 2, efit: 5","fit: 2, efit: 4",,,,0,0,0,0,2,,
2026-05-15 22:39:28,54,19,19,0,"fit: 2, efit: 4","fit: 2, efit: 3",,,,0,0,0,0,2,,
2026-05-15 23:49:39,54,19,19,0,"fit: 2, efit: 5","fit: 2, efit: 4",,,,0,0,0,0,2,,
2026-05-15 23:50:19,54,19,19,0,"fit: 2, efit: 7","fit: 2, efit: 6",,,,0,0,0,0,2,,
2026-05-16 00:00:21,54,19,19,0,"fit: 2, efit: 7","fit: 2, efit: 6",,,,0,0,0,0,2,,
2026-05-16 00:54:50,54,19,19,0,"fit: 2, efit: 7","fit: 2, efit: 5",,,,0,0,0,0,2,,
2026-05-16 07:38:55,54,19,19,0,"fit: 2, efit: 8","fit: 2, efit: 6",,,,0,0,0,0,2,,
2026-05-16 08:11:01,54,19,19,0,"fit: 2, efit: 7","fit: 2, efit: 5",,,,0,0,0,0,2,,
2026-05-16 09:59:23,54,19,19,0,"fit: 2, efit: 8","fit: 2, efit: 6",,,,0,0,0,0,2,,
2026-05-16 10:01:19,54,19,19,0,"fit: 1, efit: 8","fit: 1, efit: 6",,,,0,0,0,0,2,,
2026-05-16 10:02:10,54,19,19,0,"fit: 1, efit: 7","fit: 1, efit: 6",,,,0,0,0,0,2,,
2026-05-16 10:04:24,54,19,19,0,"fit: 1, efit: 5","fit: 1, efit: 5",,,,0,0,0,0,2,,
2026-05-16 10:06:19,54,19,19,0,"fit: 1, efit: 6","fit: 1, efit: 6",,,,0,0,0,0,2,,
2026-05-16 10:07:11,54,19,19,0,"fit: 1, efit: 7","fit: 1, efit: 7",,,,0,0,0,0,2,,
2026-05-16 10:09:25,54,19,19,0,"fit: 1, efit: 8","fit: 1, efit: 8",,,,0,0,0,0,2,,
2026-05-16 10:12:12,54,19,19,0,"fit: 1, efit: 6","fit: 1, efit: 6",,,,0,0,0,0,2,,
2026-05-16 10:24:28,54,19,19,0,"fit: 1, efit: 7","fit: 1, efit: 7",,,,0,0,0,0,2,,
2026-05-16 11:14:38,54,19,19,0,"fit: 1, efit: 6","fit: 1, efit: 6",,,,0,0,0,0,2,,
2026-05-16 11:31:33,54,19,19,0,"fit: 1, efit: 5","fit: 1, efit: 5",,,,0,0,0,0,2,,
2026-05-16 12:01:38,54,19,19,0,"fit: 1, efit: 6","fit: 1, efit: 6",,,,0,0,0,0,2,,
2026-05-16 12:04:49,54,19,19,0,"fit: 1, efit: 7","fit: 1, efit: 7",,,,0,0,0,0,2,,
2026-05-16 12:41:49,54,19,19,0,efit: 7,efit: 7,,,,0,0,0,0,2,,
2026-05-16 14:20:18,54,19,19,0,efit: 6,efit: 6,,,,0,0,0,0,2,,
2026-05-17 00:02:19,54,19,19,0,efit: 6,efit: 6,,,,0,0,0,0,2,,
2026-05-17 00:57:29,54,19,19,0,efit: 6,efit: 5,,,,0,0,0,0,2,,
2026-05-17 08:03:51,54,19,19,0,efit: 7,efit: 6,,,,0,0,0,0,2,,
2026-05-17 08:08:52,54,19,19,0,efit: 6,efit: 5,,,,0,0,0,0,2,,
2026-05-17 09:59:13,54,19,19,0,efit: 7,efit: 6,,,,0,0,0,0,2,,
2026-05-17 11:11:47,54,19,19,0,efit: 5,efit: 4,,,,0,0,0,0,2,,
2026-05-17 11:29:32,54,19,19,0,efit: 6,efit: 5,,,,0,0,0,0,2,,
2026-05-17 16:56:24,54,19,19,0,efit: 5,efit: 4,,,,0,0,0,0,2,,
2026-05-17 17:45:52,54,19,19,0,efit: 7,efit: 6,,,,0,0,0,0,2,,
2026-05-17 19:23:23,54,19,19,0,efit: 9,efit: 8,,,,0,0,0,0,2,,
2026-05-17 19:33:25,54,19,19,0,"fit: 1, efit: 8","fit: 1, efit: 7",,,,0,0,0,0,2,,
2026-05-17 20:06:22,54,19,19,0,efit: 8,efit: 7,,,,0,0,0,0,2,,
2026-05-17 20:13:32,54,19,19,0,efit: 7,efit: 6,,,,0,0,0,0,2,,
2026-05-18 00:02:10,54,19,19,0,efit: 7,efit: 6,,,,0,0,0,0,2,,
2026-05-18 02:42:41,54,19,19,0,efit: 7,efit: 5,,,,0,0,0,0,2,,
2026-05-18 09:59:05,54,19,19,0,efit: 9,efit: 7,,,,0,0,0,0,2,,
2026-05-18 10:46:12,54,19,19,0,efit: 8,efit: 6,,,,0,0,0,0,2,,
2026-05-18 10:49:11,54,19,19,0,efit: 7,efit: 5,,,,0,0,0,0,2,,
2026-05-18 11:04:14,54,19,19,0,efit: 6,efit: 4,,,,0,0,0,0,2,,
2026-05-18 11:06:15,54,19,19,0,efit: 4,efit: 4,,,,0,0,0,0,2,,
2026-05-18 11:34:19,54,19,19,0,efit: 3,efit: 3,,,,0,0,0,0,2,,
2026-05-18 11:49:21,54,19,19,0,efit: 4,efit: 4,,,,0,0,0,0,2,,
2026-05-18 13:19:36,54,19,19,0,"fit: 1, efit: 3","fit: 1, efit: 3",,,,0,0,0,0,2,,
2026-05-18 13:34:39,54,19,19,0,"fit: 1, efit: 4","fit: 1, efit: 4",,,,0,0,0,0,2,,
2026-05-18 14:24:48,54,19,19,0,"fit: 1, efit: 4","fit: 1, efit: 3",,,,0,0,0,0,2,,
2026-05-18 17:30:21,54,19,19,0,"fit: 1, efit: 3","fit: 1, efit: 2",,,,0,0,0,0,2,,
2026-05-18 17:42:35,54,19,19,0,efit: 2,efit: 1,,,,0,0,0,0,2,,
2026-05-18 18:42:47,54,19,19,0,efit: 5,efit: 4,,,,0,0,0,0,2,,
2026-05-18 19:45:44,54,19,19,0,efit: 4,efit: 3,,,,0,0,0,0,2,,
2026-05-18 20:13:05,54,19,19,0,efit: 5,efit: 4,,,,0,0,0,0,2,,
2026-05-18 21:38:21,54,19,19,0,efit: 3,efit: 2,,,,0,0,0,0,2,,
2026-05-18 21:41:04,54,19,19,0,efit: 4,efit: 3,,,,0,0,0,0,2,,
2026-05-18 21:46:05,54,19,19,0,efit: 3,efit: 2,,,,0,0,0,0,2,,
2026-05-18 22:28:31,54,19,19,0,efit: 5,efit: 4,,,,0,0,0,0,2,,
2026-05-19 00:01:26,54,19,19,0,efit: 5,efit: 4,,,,0,0,0,0,2,,
2026-05-19 08:57:50,54,19,19,0,"fit: 1, efit: 4","fit: 1, efit: 3",,,,0,0,0,0,2,,
2026-05-19 12:01:00,54,19,19,0,"fit: 1, efit: 3","fit: 1, efit: 2",,,,0,0,0,0,2,,
2026-05-19 12:03:21,54,19,19,0,"fit: 1, efit: 2","fit: 1, efit: 1",,,,0,0,0,0,2,,
2026-05-19 14:09:59,54,19,19,0,"fit: 1, efit: 2","fit: 1, efit: 2",,,,0,0,0,0,2,,
2026-05-19 17:15:40,54,19,19,0,"fit: 1, efit: 1","fit: 1, efit: 1",,,,0,0,0,0,2,,
2026-05-19 17:17:01,54,19,19,0,fit: 1,fit: 1,,,,0,0,0,0,2,,
2026-05-20 00:00:21,54,19,19,0,fit: 1,fit: 1,,,,0,0,0,0,2,,
2026-05-20 10:19:06,54,19,19,0,"fit: 1, efit: 5","fit: 1, efit: 5",,,,0,0,0,0,2,,
2026-05-20 17:23:46,54,19,19,0,"fit: 1, efit: 4","fit: 1, efit: 4",,,,0,0,0,0,2,,
2026-05-20 17:48:50,54,19,19,0,"fit: 1, efit: 5","fit: 1, efit: 5",,,,0,0,0,0,2,,
2026-05-20 19:26:56,54,19,19,0,"fit: 2, efit: 5","fit: 2, efit: 5",,,,0,0,0,0,2,,
2026-05-21 00:00:34,54,19,19,0,"fit: 2, efit: 5","fit: 2, efit: 5",,,,0,0,0,0,2,,
2026-05-21 16:30:28,54,19,19,0,"fit: 4, efit: 5","fit: 4, efit: 5",,,,0,0,0,0,2,,
2026-05-21 16:33:54,54,19,19,0,"fit: 4, efit: 3","fit: 4, efit: 3",,,,0,0,0,0,2,,
2026-05-21 17:14:03,54,19,19,0,"fit: 4, efit: 2","fit: 4, efit: 2",,,,0,0,0,0,2,,
2026-05-21 17:19:04,54,19,19,0,"fit: 4, efit: 2","fit: 4, efit: 1",efit: 1,,,0,0,0,0,2,,
2026-05-21 17:24:49,54,19,19,0,"fit: 4, efit: 3","fit: 4, efit: 2",efit: 1,,,0,0,0,0,2,,
2026-05-22 00:00:29,54,19,19,0,"fit: 4, efit: 3","fit: 4, efit: 2",efit: 1,,,0,0,0,0,2,,
2026-05-22 11:08:42,54,19,19,0,"fit: 4, efit: 4","fit: 4, efit: 3",efit: 1,,,0,0,0,0,2,,
2026-05-22 11:12:17,54,19,19,0,"fit: 4, efit: 3","fit: 4, efit: 2",efit: 1,,,0,0,0,0,2,,
2026-05-22 12:07:25,54,19,19,0,"fit: 4, efit: 5","fit: 4, efit: 4",efit: 1,,,0,0,0,0,2,,
2026-05-22 12:12:25,54,19,19,0,"fit: 4, efit: 3","fit: 4, efit: 2",efit: 1,,,0,0,0,0,2,,
2026-05-22 12:22:27,54,19,19,0,"fit: 4, efit: 4","fit: 4, efit: 3",efit: 1,,,0,0,0,0,2,,
2026-05-22 12:22:58,54,19,19,0,"fit: 4, efit: 3","fit: 4, efit: 2",efit: 1,,,0,0,0,0,2,,
2026-05-23 00:00:21,54,19,19,0,"fit: 4, efit: 3","fit: 4, efit: 2",efit: 1,,,0,0,0,0,2,,
2026-05-23 00:19:10,54,19,19,0,"fit: 4, efit: 4","fit: 4, efit: 3",efit: 1,,,0,0,0,0,2,,
2026-05-23 07:45:09,54,19,19,0,"fit: 4, efit: 5","fit: 4, efit: 4",efit: 1,,,0,0,0,0,2,,
2026-05-23 09:10:20,54,19,19,0,"fit: 4, efit: 4","fit: 4, efit: 4",,,,0,0,0,0,2,,
2026-05-23 09:12:10,54,19,19,0,"fit: 4, efit: 3","fit: 4, efit: 3",,,,0,0,0,0,2,,
2026-05-23 13:55:59,54,19,19,0,"fit: 4, efit: 2","fit: 4, efit: 2",,,,0,0,0,0,2,,
2026-05-23 15:26:11,54,19,19,0,"fit: 4, efit: 1","fit: 4, efit: 1",,,,0,0,0,0,2,,
2026-05-23 16:31:20,54,19,19,0,"fit: 4, efit: 2","fit: 4, efit: 2",,,,0,0,0,0,2,,
2026-05-23 18:56:40,54,19,19,0,"fit: 4, efit: 3","fit: 4, efit: 3",,,,0,0,0,0,2,,
